{
  "pools": [
    {
      "rolls": 1,
      "entries": [
        {
          "type": "minecraft:loot_table",
          "name": "dnd:gameplay/fossils/shattered_fossil",
          "weight": 20
        },
        {
          "type": "minecraft:loot_table",
          "name": "dnd:gameplay/fossils/eroded_fossil",
          "weight": 10
        },
        {
          "type": "minecraft:loot_table",
          "name": "dnd:gameplay/fossils/fractured_fossil",
          "weight": 20
        },
        {
          "type": "minecraft:loot_table",
          "name": "dnd:gameplay/fossils/cracked_fossil",
          "weight": 30
        },
        {
          "type": "minecraft:loot_table",
          "name": "dnd:gameplay/fossils/pristine_fossil",
          "weight": 20
        }
      ]
    }
  ]
}
