{
  "type": "minecraft:entity",
  "pools": [
    {
      "rolls": 1,
      "entries": [
        {
          "type": "item",
          "name": "minecraft:structure_block",
          "weight": 1,
          "functions": [
            {
              "function": "minecraft:set_nbt",
              "tag": "{CustomModelData:400000,dnd:{id:\"remove\",ignore:1b,entity:{id:\"nothing\"}}}"
            },
            {
              "function": "minecraft:set_name",
              "name": {
                "translate": "item.dnd.nothing",
                "italic": false,
                "color": "white"
              }
            }
          ]
        }
      ]
    }
  ]
}
