{
  "parent": "dnd:technical/root",
  "criteria": {
    "feed_meat": {
      "trigger": "minecraft:player_interacted_with_entity",
      "conditions": {
        "item": {
          "tag": "dnd:meat"
        },
        "entity": {
          "nbt": "{Tags:[\"dnd.baby\"],ArmorItems:[{},{},{},{tag:{dnd:{genome:{custom_entity_data:{baby_feed_item:\"dnd:meat\"}}}}}]}"
        }
      }
    },
    "feed_plant": {
      "trigger": "minecraft:player_interacted_with_entity",
      "conditions": {
        "item": {
          "tag": "dnd:plant"
        },
        "entity": {
          "nbt": "{Tags:[\"dnd.baby\"],ArmorItems:[{},{},{},{tag:{dnd:{genome:{custom_entity_data:{baby_feed_item:\"dnd:plant\"}}}}}]}"
        }
      }
    },
    "feed_poison": {
      "trigger": "minecraft:player_interacted_with_entity",
      "conditions": {
        "item": {
          "tag": "dnd:poison"
        },
        "entity": {
          "nbt": "{Tags:[\"dnd.baby\"]}"
        }
      }
    }
  },
  "requirements": [
    [
      "feed_meat",
      "feed_plant",
      "feed_poison"
    ]
  ],
  "rewards": {
    "function": "dnd:entity/global/baby/feeding/raycast_start"
  }
}
