{
  "criteria": {
    "hurt_entity": {
      "trigger": "minecraft:player_hurt_entity",
      "conditions": {
        "damage": {
          "source_entity": {
            "equipment": {
              "mainhand": {
                "item": "minecraft:carrot_on_a_stick",
                "nbt": "{dnd:{id:\"needle\"}}"
              }
            }
          }
        }
      },
        "entity": {
          "type": "#dnd:has_dna"
        }
    }
  },
  "rewards": {
    "function": "dnd:item/needle/item"
  },
  "parent": "dnd:technical/root"
}
