{
	"parent": "dnd:block/crafting_station",
  "textures": {
		"back": "dnd:block/crafting_station_back",
		"left": "dnd:block/crafting_station_left",
		"right": "dnd:block/crafting_station_right",
		"bottom": "dnd:block/crafting_station_bottom",
		"top": "dnd:block/crafting_station_top",
		"front": "dnd:block/cultivator",
		"particle": "dnd:block/cultivator"
  },
  "display": {
    "head": {
      "rotation": [0, 0, 0],
      "translation": [0, -43.23, 0],
      "scale": [1.601, 1.601, 1.601]
    }
  }
}
