{
  "pools": [
    {
      "rolls": 1,
      "entries": [
        {
          "type": "item",
          "name": "minecraft:emerald",
          "functions": [
            {
              "function": "set_count",
              "count": {
                "min": 30,
                "max": 40
              }
            }
          ]
        }
      ]
    },
    {
      "rolls": 1,
      "entries": [
        {
          "type": "loot_table",
          "name": "dnd:items/paleontologist_helmet"
        },
        {
          "type": "loot_table",
          "name": "dnd:items/paleontologist_chestplate"
        },
        {
          "type": "loot_table",
          "name": "dnd:items/paleontologist_leggings"
        },
        {
          "type": "loot_table",
          "name": "dnd:items/paleontologist_boots"
        }
      ]
    }
  ]
}
