{
  "pools": [
    {
      "rolls": 1,
      "entries": [
        {
          "type": "item",
          "name": "minecraft:emerald",
          "functions": [
            {
              "function": "set_count",
              "count": {
                "min": 60,
                "max": 64
              }
            }
          ]
        }
      ]
    },
    {
      "rolls": 1,
      "entries": [
        {
          "type": "loot_table",
          "name": "dnd:items/cultivator"
        },
        {
          "type": "loot_table",
          "name": "dnd:items/extractor"
        },
        {
          "type": "loot_table",
          "name": "dnd:items/modifier"
        }
      ]
    }
  ]
}
