{
  "pools": [
    {
      "rolls": 1,
      "entries": [
        {
          "type": "minecraft:item",
          "weight": 1,
          "functions": [
            {
              "function": "set_nbt",
              "tag": "{HideFlags:2,tcc:{id:\"gemstone\",gemstone:{id:\"dnd:amber\",quality:\"cut\"}},CustomModelData:400009}"
            },
            {
              "function": "minecraft:set_name",
              "name": {
                "translate": "item.dnd.amber_gemstone",
                "color": "white",
                "italic": false
              }
            },
            {
              "function": "set_lore",
              "lore": [
                {
                  "translate": "pack.collaboration",
                  "italic": true,
                  "color": "white",
                  "with": [
                    {
                      "translate": "pack.tcc",
                      "color": "#008725",
                      "italic": true
                    },
                    {
                      "translate": "pack.dnd",
                      "color": "#FFAA00",
                      "italic": true
                    }
                  ]
                },
                "",
                {
                  "translate": "item.tcc.modifiers.ring",
                  "italic": false,
                  "color": "gray"
                },
                {
                  "translate": "attribute.modifier.plus.0",
                  "italic": false,
                  "color": "blue",
                  "with": [
                    "1",
                    {
                      "translate": "attribute.name.dnd.fossil_preservation"
                    }
                  ]
                }
              ],
              "entity": "this"
            }
          ],
          "name": "minecraft:structure_block"
        }
      ]
    }
  ]
}
