{
  "type": "minecraft:entity",
  "pools": [
    {
      "rolls": 1,
      "entries": [
        {
          "type": "minecraft:item",
          "weight": 1,
          "name": "minecraft:bone",
          "functions": [
            {
              "function": "minecraft:set_nbt",
              "tag": "{CustomModelData:400106,dnd:{id:\"ancient_dna_source\",type:\"fossil\",accuracy:5,genome:{id:\"dnd:ankylosaurus\",identifier:\"bird\",unique_data:{Attributes:[{Base:0.51d,Name:\"minecraft:generic.movement_speed\"},{Base:70.0d,Name:\"minecraft:generic.max_health\"}],Health:70.0f,DeathLootTable:\"dnd:entity/ankylosaurus\",CustomName:'{\"translate\":\"entity.dnd.ankylosaurus\"}',Tags:[\"dnd.ankylosaurus\",\"dnd.dinosaur\",\"dnd.neutral\",\"dnd.light_herd\"]},custom_entity_data:{baby_feed_item:\"dnd:plant\",models:{adult:[400025,400026],baby:[400027,400028],fossil:[400000,400007,400013,400014,400015]}},egg_data:{type:\"egg_block\",hatch_cycle:\"day\",CustomModelData:405007,BlockCustomModelData:401007,name:'{\"italic\":false,\"color\":\"white\",\"translate\":\"item.dnd.ankylosaurus_egg\"}'}}}}"
            },
            {
              "function": "minecraft:set_name",
              "name": {
                "translate": "item.dnd.fossil.ankylosaurus",
                "color": "yellow",
                "italic": false
              }
            },
            {
              "function": "minecraft:set_lore",
              "lore": [
                {
                  "translate": "lore.dnd.item.accuracy.5",
                  "color": "gray",
                  "italic": false
                },
                "",
                {
                  "translate": "pack.dnd",
                  "color": "#FFAA00",
                  "italic": true
                }
              ]
            }
          ]
        }
      ]
    }
  ]
}
