{
  "type": "minecraft:entity",
  "pools": [
    {
      "rolls": 1,
      "entries": [
        {
          "type": "minecraft:item",
          "weight": 1,
          "name": "minecraft:bone",
          "functions": [
            {
              "function": "minecraft:set_nbt",
              "tag": "{CustomModelData:400105,dnd:{id:\"ancient_dna_source\",type:\"fossil\",accuracy:5,genome:{id:\"dnd:compsognathus\",identifier:\"bird\",unique_data:{Attributes:[{Base:0.65d,Name:\"minecraft:generic.movement_speed\"},{Base:15.0d,Name:\"minecraft:generic.max_health\"}],Health:15.0f,DeathLootTable:\"dnd:entity/compsognathus\",CustomName:'{\"translate\":\"entity.dnd.compsognathus\"}',Tags:[\"dnd.compsognathus\",\"dnd.dinosaur\",\"dnd.neutral\",\"dnd.bucketable\"]},custom_entity_data:{baby_feed_item:\"dnd:meat\",models:{adult:[400021,400022],baby:[400023,400024],fossil:[400002,400007,400016,400017,400018]}},egg_data:{type:\"egg_block\",hatch_cycle:\"night\",CustomModelData:405006,BlockCustomModelData:401006,name:'{\"italic\":false,\"color\":\"white\",\"translate\":\"item.dnd.compsognathus_egg\"}'}}}}"
            },
            {
              "function": "minecraft:set_name",
              "name": {
                "translate": "item.dnd.fossil.compsognathus",
                "color": "yellow",
                "italic": false
              }
            },
            {
              "function": "minecraft:set_lore",
              "lore": [
                {
                  "translate": "lore.dnd.item.accuracy.5",
                  "color": "gray",
                  "italic": false
                },
                "",
                {
                  "translate": "pack.dnd",
                  "color": "#FFAA00",
                  "italic": true
                }
              ]
            }
          ]
        }
      ]
    }
  ]
}
