{
  "type": "minecraft:entity",
  "pools": [
    {
      "rolls": 1,
      "entries": [
        {
          "type": "minecraft:item",
          "weight": 1,
          "name": "minecraft:bone",
          "functions": [
            {
              "function": "minecraft:set_nbt",
              "tag": "{CustomModelData:400101,dnd:{id:\"ancient_dna_source\",type:\"fossil\",accuracy:5,genome:{id:\"dnd:concavenator\",identifier:\"bird\",unique_data:{Attributes:[{Base:0.5d,Name:\"minecraft:generic.movement_speed\"},{Base:50.0d,Name:\"minecraft:generic.max_health\"}],Health:50.0f,DeathLootTable:\"dnd:entity/concavenator\",CustomName:'{\"translate\":\"entity.dnd.concavenator\"}',Tags:[\"dnd.concavenator\",\"dnd.dinosaur\",\"dnd.aggressive\"]},custom_entity_data:{baby_feed_item:\"dnd:meat\",models:{adult:[400005,400006],baby:[400007,400008],fossil:[400000,400008,400019,400020,400021]}},egg_data:{type:\"egg_block\",hatch_cycle:\"night\",CustomModelData:405002,BlockCustomModelData:401002,name:'{\"italic\":false,\"color\":\"white\",\"translate\":\"item.dnd.concavenator_egg\"}'}}}}"
            },
            {
              "function": "minecraft:set_name",
              "name": {
                "translate": "item.dnd.fossil.concavenator",
                "color": "yellow",
                "italic": false
              }
            },
            {
              "function": "minecraft:set_lore",
              "lore": [
                {
                  "translate": "lore.dnd.item.accuracy.5",
                  "color": "gray",
                  "italic": false
                },
                "",
                {
                  "translate": "pack.dnd",
                  "color": "#FFAA00",
                  "italic": true
                }
              ]
            }
          ]
        }
      ]
    }
  ]
}
