{
  "type": "minecraft:entity",
  "pools": [
    {
      "rolls": 1,
      "entries": [
        {
          "type": "minecraft:item",
          "weight": 1,
          "name": "minecraft:bone",
          "functions": [
            {
              "function": "minecraft:set_nbt",
              "tag": "{CustomModelData:400102,dnd:{id:\"ancient_dna_source\",type:\"fossil\",accuracy:5,genome:{id:\"dnd:corythosaurus\",identifier:\"bird\",unique_data:{Attributes:[{Base:0.48d,Name:\"minecraft:generic.movement_speed\"},{Base:60.0d,Name:\"minecraft:generic.max_health\"}],Health:60.0f,DeathLootTable:\"dnd:entity/corythosaurus\",CustomName:'{\"translate\":\"entity.dnd.corythosaurus\"}',Tags:[\"dnd.corythosaurus\",\"dnd.dinosaur\",\"dnd.neutral\",\"dnd.light_herd\"]},custom_entity_data:{baby_feed_item:\"dnd:plant\",models:{adult:[400009,400010],baby:[400011,400012],fossil:[400001,400009,400022,400023,400024]}},egg_data:{type:\"egg_block\",hatch_cycle:\"day\",CustomModelData:405003,BlockCustomModelData:401003,name:'{\"italic\":false,\"color\":\"white\",\"translate\":\"item.dnd.corythosaurus_egg\"}'}}}}"
            },
            {
              "function": "minecraft:set_name",
              "name": {
                "translate": "item.dnd.fossil.corythosaurus",
                "color": "yellow",
                "italic": false
              }
            },
            {
              "function": "minecraft:set_lore",
              "lore": [
                {
                  "translate": "lore.dnd.item.accuracy.5",
                  "color": "gray",
                  "italic": false
                },
                "",
                {
                  "translate": "pack.dnd",
                  "color": "#FFAA00",
                  "italic": true
                }
              ]
            }
          ]
        }
      ]
    }
  ]
}
