{
  "type": "minecraft:entity",
  "pools": [
    {
      "rolls": 1,
      "entries": [
        {
          "type": "item",
          "name": "minecraft:beef",
          "weight": 1,
          "functions": [
            {
              "function": "minecraft:set_nbt",
              "tag": "{CustomModelData:400000,dnd:{id:\"ancient_meat\",mob:\"corythosaurus\"}}"
            },
            {
              "function": "minecraft:set_name",
              "name": {
                "translate": "item.dnd.raw_corythosaurus_meat",
                "color": "white",
                "italic": false
                      }
            },
            {
              "function": "minecraft:set_lore",
              "lore": [
                      {
                "translate": "pack.dnd",
                "color": "#FFAA00",
                "italic": true
                      }]
            }
          ]
        }
      ]
    }
  ]
}
