{
  "pools": [
    {
      "rolls": 1,
      "entries": [
        {
          "type": "minecraft:item",
          "name": "minecraft:barrel",
          "weight": 1,
          "functions": [
            {
              "function": "minecraft:set_nbt",
              "tag": "{BlockEntityTag:{id:\"minecraft:barrel\",Items:[{id:\"minecraft:barrier\",Count:1b,tag:{dnd:{placed_block:1b,block:\"cultivator\"}}}]},CustomModelData:400001,dnd:{id:\"cultivator\"}}"
            },
            {
              "function": "minecraft:set_name",
              "name": {
                "translate": "block.dnd.cultivator",
                "italic": false
              }
            },
            {
              "function": "minecraft:set_lore",
              "lore": [
                {
                  "translate": "pack.dnd",
                  "color": "#FFAA00",
                  "italic": true
                }
              ]
            }
          ]
        }
      ]
    }
  ]
}
