{
  "type": "minecraft:entity",
  "pools": [
    {
      "rolls": 1,
      "entries": [
        {
          "type": "minecraft:item",
          "weight": 1,
          "name": "minecraft:bone",
          "functions": [
            {
              "function": "minecraft:set_nbt",
              "tag": "{CustomModelData:400103,dnd:{id:\"ancient_dna_source\",type:\"fossil\",accuracy:5,genome:{id:\"dnd:gallimimus\",identifier:\"bird\",unique_data:{Attributes:[{Base:0.62d,Name:\"minecraft:generic.movement_speed\"},{Base:40.0d,Name:\"minecraft:generic.max_health\"}],Health:40.0f,DeathLootTable:\"dnd:entity/gallimimus\",CustomName:'{\"translate\":\"entity.dnd.gallimimus\"}',Tags:[\"dnd.gallimimus\",\"dnd.dinosaur\",\"dnd.passive\",\"dnd.heavy_herd\"]},custom_entity_data:{baby_feed_item:\"dnd:plant\",models:{adult:[400013,400014],baby:[400015,400016],fossil:[400001,400009,400025,400026,400027]}},egg_data:{type:\"egg_block\",hatch_cycle:\"day\",CustomModelData:405004,BlockCustomModelData:401004,name:'{\"italic\":false,\"color\":\"white\",\"translate\":\"item.dnd.gallimimus_egg\"}'}}}}"
            },
            {
              "function": "minecraft:set_name",
              "name": {
                "translate": "item.dnd.fossil.gallimimus",
                "color": "yellow",
                "italic": false
              }
            },
            {
              "function": "minecraft:set_lore",
              "lore": [
                {
                  "translate": "lore.dnd.item.accuracy.5",
                  "color": "gray",
                  "italic": false
                },
                "",
                {
                  "translate": "pack.dnd",
                  "color": "#FFAA00",
                  "italic": true
                }
              ]
            }
          ]
        }
      ]
    }
  ]
}
