{
  "type": "minecraft:entity",
  "pools": [
    {
      "rolls": 1,
      "entries": [
        {
          "type": "minecraft:item",
          "weight": 1,
          "name": "minecraft:bone",
          "functions": [
            {
              "function": "minecraft:set_nbt",
              "tag": "{CustomModelData:400107,dnd:{id:\"ancient_dna_source\",type:\"fossil\",accuracy:5,genome:{id:\"dnd:pachycephalosaurus\",identifier:\"bird\",unique_data:{Attributes:[{Base:0.51d,Name:\"minecraft:generic.movement_speed\"},{Base:40.0d,Name:\"minecraft:generic.max_health\"}],Health:40.0f,DeathLootTable:\"dnd:entity/pachycephalosaurus\",CustomName:'{\"translate\":\"entity.dnd.pachycephalosaurus\"}',Tags:[\"dnd.pachycephalosaurus\",\"dnd.dinosaur\",\"dnd.neutral\",\"dnd.territorial\"]},custom_entity_data:{baby_feed_item:\"dnd:plant\",models:{adult:[400029,400030],baby:[400031,400032],fossil:[400000,400009,400028,400029,400030]}},egg_data:{type:\"egg_block\",hatch_cycle:\"day\",CustomModelData:405008,BlockCustomModelData:401008,name:'{\"italic\":false,\"color\":\"white\",\"translate\":\"item.dnd.pachycephalosaurus_egg\"}'}}}}"
            },
            {
              "function": "minecraft:set_name",
              "name": {
                "translate": "item.dnd.fossil.pachycephalosaurus",
                "color": "yellow",
                "italic": false
              }
            },
            {
              "function": "minecraft:set_lore",
              "lore": [
                {
                  "translate": "lore.dnd.item.accuracy.5",
                  "color": "gray",
                  "italic": false
                },
                "",
                {
                  "translate": "pack.dnd",
                  "color": "#FFAA00",
                  "italic": true
                }
              ]
            }
          ]
        }
      ]
    }
  ]
}
