{
  "pools": [
    {
      "rolls": 1,
      "entries": [
        {
          "type": "minecraft:item",
          "weight": 1,
          "functions": [
            {
              "function": "minecraft:set_nbt",
              "tag": "{display:{color:12889983},AttributeModifiers:[],HideFlags:68,Unbreakable:1b,RepairCost:100,dnd:{id:\"paleontologist_chestplate\"},CustomModelData:400000}"
            },
            {
              "function": "minecraft:set_name",
              "name": {
                "translate": "item.dnd.paleontology_chestplate",
                "color": "white",
                "italic": false
              }
            },
            {
              "function": "minecraft:set_lore",
              "lore": [
                {
                  "translate": "pack.dnd",
                  "color": "#FFAA00",
                  "italic": true
                },
                "",
                {
                  "italic": false,
                  "color": "gray",
                  "translate": "item.modifiers.chest"
                },
                {
                  "italic": false,
                  "color": "blue",
                  "translate": "attribute.modifier.plus.0",
                  "with": [
                    "1",
                    {
                      "translate": "attribute.name.dnd.fossil_preservation"
                    }
                  ]
                }
              ]
            }
          ],
          "name": "minecraft:leather_chestplate"
        }
      ]
    }
  ]
}
