{
  "type": "minecraft:entity",
  "pools": [
    {
      "rolls": 1,
      "entries": [
        {
          "type": "item",
          "name": "minecraft:petrified_oak_slab",
          "weight": 1,
          "functions": [
            {
              "function": "minecraft:set_nbt",
              "tag": "{dnd:{id:\"petrified_slab\"}}"
            },
            {
              "function": "minecraft:set_name",
              "name": {
                "translate": "block.dnd.petrified_slab",
                "italic": false,
                "color": "white"
              }
            },
            {
              "function": "minecraft:set_lore",
              "lore": [
                {
                  "translate": "pack.dnd",
                  "color": "#FFAA00",
                  "italic": true
                }
              ]
            }
          ]
        }
      ]
    }
  ]
}
