{
    "pools": [
        {
            "rolls": 1,
            "entries": [
                {
                    "type": "minecraft:item",
                    "name": "minecraft:furnace",
                    "functions": [
                        {
                            "function": "minecraft:set_nbt",
                            "tag": "{BlockEntityTag:{id:\"minecraft:furnace\",Items:[{id:\"minecraft:barrier\",Count:1b,tag:{dnd:{placed_block:1b,block:\"polished_amber\"}}}]},CustomModelData:400016,dnd:{id:\"polished_amber\"}}"
                        },
                        {
                          "function": "minecraft:set_name",
                          "name": {
                            "translate": "block.dnd.polished_amber",
                            "italic": false
                          }
                        },
                        {
                          "function": "minecraft:set_lore",
                          "lore": [{
                            "translate": "pack.dnd",
                            "color": "#FFAA00",
                            "italic": true
                          }]
                        }
                    ]
                }
            ]
        }
    ]
}
