{
  "type": "minecraft:entity",
  "pools": [
    {
      "rolls": 1,
      "entries": [
        {
          "type": "minecraft:item",
          "weight": 1,
          "name": "minecraft:bone",
          "functions": [
            {
              "function": "minecraft:set_nbt",
              "tag": "{CustomModelData:400104,dnd:{id:\"ancient_dna_source\",type:\"fossil\",accuracy:5,genome:{id:\"dnd:tyrannosaurus\",identifier:\"bird\",unique_data:{Attributes:[{Base:0.52d,Name:\"minecraft:generic.movement_speed\"},{Base:120.0d,Name:\"minecraft:generic.max_health\"}],Health:120.0f,DeathLootTable:\"dnd:entity/tyrannosaurus\",CustomName:'{\"translate\":\"entity.dnd.tyrannosaurus\"}',Tags:[\"dnd.tyrannosaurus\",\"dnd.dinosaur\",\"dnd.aggressive\"]},custom_entity_data:{baby_feed_item:\"dnd:meat\",models:{adult:[400017,400018],baby:[400019,400020],fossil:[400001,400008,400031,400032,400033]}},egg_data:{type:\"egg_block\",hatch_cycle:\"night\",CustomModelData:405005,BlockCustomModelData:401005,name:'{\"italic\":false,\"color\":\"white\",\"translate\":\"item.dnd.tyrannosaurus_egg\"}'}}}}"
            },
            {
              "function": "minecraft:set_name",
              "name": {
                "translate": "item.dnd.fossil.tyrannosaurus",
                "color": "yellow",
                "italic": false
              }
            },
            {
              "function": "minecraft:set_lore",
              "lore": [
                {
                  "translate": "lore.dnd.item.accuracy.5",
                  "color": "gray",
                  "italic": false
                },
                "",
                {
                  "translate": "pack.dnd",
                  "color": "#FFAA00",
                  "italic": true
                }
              ]
            }
          ]
        }
      ]
    }
  ]
}
