{
  "type": "minecraft:entity",
  "pools": [
    {
      "rolls": 1,
      "entries": [
        {
          "type": "item",
          "name": "minecraft:structure_block",
          "weight": 1,
          "functions": [
            {
              "function": "minecraft:set_nbt",
              "tag": "{CustomModelData:400003,dnd:{id:\"upgrade_cartridge\"}}"
            },
            {
              "function": "minecraft:set_name",
              "name": {
                "translate": "item.dnd.upgrade_cartridge",
                "italic": false,
                "color": "yellow"
                      }
            },
            {
              "function": "minecraft:set_lore",
              "lore": [{
                "translate": "pack.dnd",
                "color": "#FFAA00",
                "italic": true
                      }]
            }
          ]
        }
      ]
    }
  ]
}
