{
  "pools": [{
    "rolls": 1,
    "entries": [{
      "type": "minecraft:item",
      "weight": 1,
      "functions": [
        {
          "function": "minecraft:set_nbt",
          "tag": "{CustomModelData:400004,HideFlags:68,Unbreakable:1b,RepairCost:100,dnd:{id:\"brush\",level:0,uses:0,waxed:1b}}"
        },
        {
          "function": "minecraft:set_name",
          "name": {
            "translate": "item.dnd.waxed_brush",
            "italic": false
          }
        },
        {
          "function": "minecraft:set_lore",
          "lore": [
                  {
            "translate": "pack.dnd",
            "color": "#FFAA00",
            "italic": true
          }]
        }
      ],
      "name": "minecraft:carrot_on_a_stick"
    }]
  }]
}
