{
  "pools": [
    {
      "rolls": 1,
      "entries": [
        {
          "type": "minecraft:loot_table",
          "name": "dnd:items/frozen_dodo_meat",
          "weight": 1,
          "functions": [
            {
              "function": "minecraft:set_name",
              "name": {
                "translate": "item.dnd.frozen_meat.dodo",
                "color": "white",
                "italic": false
              }
            }
          ]
        }
      ]
    }
  ]
}
