{
  "providers": [
    {
      "type": "bitmap",
      "file": "dnd:gui/negative_space.png",
      "ascent": -32768,
      "height": -10,
      "chars": [
        "\uc000"
      ]
    },
    {
      "type": "bitmap",
      "file": "dnd:gui/negative_space.png",
      "ascent": -32768,
      "height": -171,
      "chars": [
        "\uc001"
      ]
    },
    {
      "type": "bitmap",
      "file": "dnd:gui/paleontology_table.png",
      "ascent": 14,
      "height": 176.0,
      "chars": [
        "\uc002"
      ]
    },
    {
      "type": "bitmap",
      "file": "dnd:gui/cultivator.png",
      "ascent": 14,
      "height": 176.0,
      "chars": [
        "\uc003"
      ]
    },
    {
      "type": "bitmap",
      "file": "dnd:gui/extractor.png",
      "ascent": 14,
      "height": 176.0,
      "chars": [
        "\uc004"
      ]
    },
    {
      "type": "bitmap",
      "file": "dnd:gui/modifier.png",
      "ascent": 14,
      "height": 176.0,
      "chars": [
        "\uc005"
      ]
    }
  ]
}
