{
	"texture_size": [256, 256],
	"textures": {
		"0": "dnd:entity/fossil/ankylosaurus"
	},
	"elements": [
		{
			"from": [-7, 0, -16],
			"to": [25, 23, 29],
			"rotation": {"angle": 22.5, "axis": "x", "origin": [9, 7.86667, 0.1]},
			"faces": {
				"north": {"uv": [2.8125, 2.9375, 4.8125, 4.375], "texture": "#0", "tintindex": 0},
				"east": {"uv": [0, 2.9375, 2.8125, 4.375], "texture": "#0", "tintindex": 0},
				"south": {"uv": [7.625, 2.9375, 9.625, 4.375], "texture": "#0", "tintindex": 0},
				"west": {"uv": [4.8125, 2.9375, 7.625, 4.375], "texture": "#0", "tintindex": 0},
				"up": {"uv": [4.8125, 2.9375, 2.8125, 0.125], "texture": "#0", "tintindex": 0},
				"down": {"uv": [6.8125, 0.125, 4.8125, 2.9375], "texture": "#0", "tintindex": 0}
			}
		},
		{
			"from": [-7, 23, -16],
			"to": [25, 0, 29],
			"rotation": {"angle": 22.5, "axis": "x", "origin": [9, 7.86667, 0.1]},
			"faces": {
				"north": {"uv": [2.8125, 2.9375, 4.8125, 4.375], "rotation": 180, "texture": "#0", "tintindex": 0},
				"east": {"uv": [4.8125, 2.9375, 7.625, 4.375], "rotation": 180, "texture": "#0", "tintindex": 0},
				"south": {"uv": [7.625, 2.9375, 9.625, 4.375], "rotation": 180, "texture": "#0", "tintindex": 0},
				"west": {"uv": [0, 2.9375, 2.8125, 4.375], "rotation": 180, "texture": "#0", "tintindex": 0},
				"up": {"uv": [6.8125, 2.9375, 4.8125, 0.125], "texture": "#0", "tintindex": 0},
				"down": {"uv": [4.8125, 0.125, 2.8125, 2.9375], "texture": "#0", "tintindex": 0}
			}
		},
		{
			"from": [1, -11.60588, -3],
			"to": [17, 2.39412, 19],
			"rotation": {"angle": -22.5, "axis": "x", "origin": [9, 91.86667, 0.1]},
			"faces": {
				"north": {"uv": [1.375, 5.75, 2.375, 6.625], "texture": "#0", "tintindex": 0},
				"east": {"uv": [0, 5.75, 1.375, 6.625], "texture": "#0", "tintindex": 0},
				"south": {"uv": [3.75, 5.75, 4.75, 6.625], "texture": "#0", "tintindex": 0},
				"west": {"uv": [2.375, 5.75, 3.75, 6.625], "texture": "#0", "tintindex": 0},
				"up": {"uv": [2.375, 5.75, 1.375, 4.375], "texture": "#0", "tintindex": 0},
				"down": {"uv": [3.375, 4.375, 2.375, 5.75], "texture": "#0", "tintindex": 0}
			}
		},
		{
			"from": [1, 2.39412, -3],
			"to": [17, -11.60588, 19],
			"rotation": {"angle": -22.5, "axis": "x", "origin": [9, 91.86667, 0.1]},
			"faces": {
				"north": {"uv": [1.375, 5.75, 2.375, 6.625], "rotation": 180, "texture": "#0", "tintindex": 0},
				"east": {"uv": [2.375, 5.75, 3.75, 6.625], "rotation": 180, "texture": "#0", "tintindex": 0},
				"south": {"uv": [3.75, 5.75, 4.75, 6.625], "rotation": 180, "texture": "#0", "tintindex": 0},
				"west": {"uv": [0, 5.75, 1.375, 6.625], "rotation": 180, "texture": "#0", "tintindex": 0},
				"up": {"uv": [3.375, 5.75, 2.375, 4.375], "texture": "#0", "tintindex": 0},
				"down": {"uv": [2.375, 4.375, 1.375, 5.75], "texture": "#0", "tintindex": 0}
			}
		},
		{
			"from": [5, -12.78568, -2.79163],
			"to": [13, -8.78568, 16.20837],
			"rotation": {"angle": -45, "axis": "x", "origin": [5, 69.5746, 1.99858]},
			"faces": {
				"north": {"uv": [5.9375, 5.5625, 6.4375, 5.8125], "texture": "#0", "tintindex": 0},
				"east": {"uv": [4.75, 5.5625, 5.9375, 5.8125], "texture": "#0", "tintindex": 0},
				"south": {"uv": [7.625, 5.5625, 8.125, 5.8125], "texture": "#0", "tintindex": 0},
				"west": {"uv": [6.4375, 5.5625, 7.625, 5.8125], "texture": "#0", "tintindex": 0},
				"up": {"uv": [6.4375, 5.5625, 5.9375, 4.375], "texture": "#0", "tintindex": 0},
				"down": {"uv": [6.9375, 4.375, 6.4375, 5.5625], "texture": "#0", "tintindex": 0}
			}
		},
		{
			"from": [5, -8.78568, -2.79163],
			"to": [13, -12.78568, 16.20837],
			"rotation": {"angle": -45, "axis": "x", "origin": [5, 69.5746, 1.99858]},
			"faces": {
				"north": {"uv": [5.9375, 5.5625, 6.4375, 5.8125], "texture": "#0", "tintindex": 0},
				"east": {"uv": [6.4375, 5.5625, 7.625, 5.8125], "rotation": 180, "texture": "#0", "tintindex": 0},
				"south": {"uv": [7.625, 5.5625, 8.125, 5.8125], "texture": "#0", "tintindex": 0},
				"west": {"uv": [4.75, 5.5625, 5.9375, 5.8125], "rotation": 180, "texture": "#0", "tintindex": 0},
				"up": {"uv": [6.875, 5.5625, 6.375, 4.375], "texture": "#0", "tintindex": 0},
				"down": {"uv": [6.375, 4.375, 5.875, 5.5625], "texture": "#0", "tintindex": 0}
			}
		},
		{
			"from": [4, -4, -14],
			"to": [14, 2, -2],
			"rotation": {"angle": -45, "axis": "x", "origin": [10, 108.15879, -0.80416]},
			"faces": {
				"north": {"uv": [7.5625, 0.75, 8.1875, 1.125], "texture": "#0", "tintindex": 0},
				"east": {"uv": [6.8125, 0.75, 7.5625, 1.125], "texture": "#0", "tintindex": 0},
				"south": {"uv": [8.9375, 0.75, 9.5625, 1.125], "texture": "#0", "tintindex": 0},
				"west": {"uv": [8.1875, 0.75, 8.9375, 1.125], "texture": "#0", "tintindex": 0},
				"up": {"uv": [8.1875, 0.75, 7.5625, 0], "texture": "#0", "tintindex": 0},
				"down": {"uv": [8.8125, 0, 8.1875, 0.75], "texture": "#0", "tintindex": 0}
			}
		},
		{
			"from": [4, 9.95826, -12.10046],
			"to": [14, 18.95826, -2.10046],
			"rotation": {"angle": 22.5, "axis": "x", "origin": [9, 59.86667, 0.1]},
			"faces": {
				"north": {"uv": [4, 5, 4.625, 5.5625], "texture": "#0", "tintindex": 0},
				"east": {"uv": [3.375, 5, 4, 5.5625], "texture": "#0", "tintindex": 0},
				"south": {"uv": [5.25, 5, 5.875, 5.5625], "texture": "#0", "tintindex": 0},
				"west": {"uv": [4.625, 5, 5.25, 5.5625], "texture": "#0", "tintindex": 0},
				"up": {"uv": [4.625, 5, 4, 4.375], "texture": "#0", "tintindex": 0},
				"down": {"uv": [5.25, 4.375, 4.625, 5], "texture": "#0", "tintindex": 0}
			}
		},
		{
			"from": [4, 18.95826, -12.10046],
			"to": [14, 9.95826, -2.10046],
			"rotation": {"angle": 22.5, "axis": "x", "origin": [9, 59.86667, 0.1]},
			"faces": {
				"north": {"uv": [4, 5, 4.625, 5.5625], "texture": "#0", "tintindex": 0},
				"east": {"uv": [4.625, 5, 5.25, 5.5625], "rotation": 180, "texture": "#0", "tintindex": 0},
				"south": {"uv": [5.25, 5, 5.875, 5.5625], "texture": "#0", "tintindex": 0},
				"west": {"uv": [3.375, 5, 4, 5.5625], "rotation": 180, "texture": "#0", "tintindex": 0},
				"up": {"uv": [5.25, 5, 4.625, 4.375], "texture": "#0", "tintindex": 0},
				"down": {"uv": [4.625, 4.375, 4, 5], "texture": "#0", "tintindex": 0}
			}
		},
		{
			"from": [1, 8.27318, -5.54461],
			"to": [17, 19.27318, 0.45539],
			"rotation": {"angle": 22.5, "axis": "x", "origin": [9, 50.86667, 0.1]},
			"faces": {
				"north": {"uv": [7.1875, 1.5, 8.1875, 2.1875], "texture": "#0", "tintindex": 0},
				"east": {"uv": [6.8125, 1.5, 7.1875, 2.1875], "texture": "#0", "tintindex": 0},
				"south": {"uv": [8.5625, 1.5, 9.5625, 2.1875], "texture": "#0", "tintindex": 0},
				"west": {"uv": [8.1875, 1.5, 8.5625, 2.1875], "texture": "#0", "tintindex": 0},
				"up": {"uv": [8.1875, 1.5, 7.1875, 1.125], "texture": "#0", "tintindex": 0},
				"down": {"uv": [9.1875, 1.125, 8.1875, 1.5], "texture": "#0", "tintindex": 0}
			}
		},
		{
			"from": [1, 19.27318, -5.54461],
			"to": [17, 8.27318, 0.45539],
			"rotation": {"angle": 22.5, "axis": "x", "origin": [9, 50.86667, 0.1]},
			"faces": {
				"north": {"uv": [7.1875, 1.5, 8.1875, 2.1875], "texture": "#0", "tintindex": 0},
				"east": {"uv": [8.1875, 1.5, 8.5625, 2.1875], "rotation": 180, "texture": "#0", "tintindex": 0},
				"south": {"uv": [8.5625, 1.5, 9.5625, 2.1875], "texture": "#0", "tintindex": 0},
				"west": {"uv": [6.8125, 1.5, 7.1875, 2.1875], "rotation": 180, "texture": "#0", "tintindex": 0},
				"up": {"uv": [9.1875, 1.5, 8.1875, 1.125], "texture": "#0", "tintindex": 0},
				"down": {"uv": [8.1875, 1.125, 7.1875, 1.5], "texture": "#0", "tintindex": 0}
			}
		},
		{
			"from": [5, 14.98222, 4.15665],
			"to": [13, 23.98222, 13.15665],
			"rotation": {"angle": 22.5, "axis": "x", "origin": [9, 125.86667, 0.1]},
			"faces": {
				"north": {"uv": [10.125, 0.5625, 10.625, 1.125], "texture": "#0", "tintindex": 0},
				"east": {"uv": [9.5625, 0.5625, 10.125, 1.125], "texture": "#0", "tintindex": 0},
				"south": {"uv": [11.1875, 0.5625, 11.6875, 1.125], "texture": "#0", "tintindex": 0},
				"west": {"uv": [10.625, 0.5625, 11.1875, 1.125], "texture": "#0", "tintindex": 0},
				"up": {"uv": [10.625, 0.5625, 10.125, 0], "texture": "#0", "tintindex": 0},
				"down": {"uv": [11.125, 0, 10.625, 0.5625], "texture": "#0", "tintindex": 0}
			}
		},
		{
			"from": [3, 19.318, -1.23728],
			"to": [6, 22.318, 1.76272],
			"shade": false,
			"rotation": {"angle": 22.5, "axis": "x", "origin": [9, 90.86667, 0.1]},
			"faces": {
				"north": {"uv": [2, 0.1875, 1.8125, 0.375], "texture": "#0", "tintindex": 0},
				"east": {"uv": [2.1875, 0.1875, 2, 0.375], "texture": "#0", "tintindex": 0},
				"south": {"uv": [2.375, 0.1875, 2.1875, 0.375], "texture": "#0", "tintindex": 0},
				"west": {"uv": [1.8125, 0.1875, 1.625, 0.375], "texture": "#0", "tintindex": 0},
				"up": {"uv": [1.8125, 0.1875, 2, 0], "texture": "#0", "tintindex": 0},
				"down": {"uv": [2, 0, 2.1875, 0.1875], "texture": "#0", "tintindex": 0}
			}
		},
		{
			"from": [3, 11.318, -1.23728],
			"to": [6, 14.318, 1.76272],
			"shade": false,
			"rotation": {"angle": 22.5, "axis": "x", "origin": [9, 90.86667, 0.1]},
			"faces": {
				"north": {"uv": [2, 0.1875, 1.8125, 0.375], "texture": "#0", "tintindex": 0},
				"east": {"uv": [2.1875, 0.1875, 2, 0.375], "texture": "#0", "tintindex": 0},
				"south": {"uv": [2.375, 0.1875, 2.1875, 0.375], "texture": "#0", "tintindex": 0},
				"west": {"uv": [1.8125, 0.1875, 1.625, 0.375], "texture": "#0", "tintindex": 0},
				"up": {"uv": [1.8125, 0.1875, 2, 0], "texture": "#0", "tintindex": 0},
				"down": {"uv": [2, 0, 2.1875, 0.1875], "texture": "#0", "tintindex": 0}
			}
		},
		{
			"from": [12, 11.318, -1.23728],
			"to": [15, 14.318, 1.76272],
			"rotation": {"angle": 22.5, "axis": "x", "origin": [9, 90.86667, 0.1]},
			"faces": {
				"north": {"uv": [1.8125, 0.1875, 2, 0.375], "texture": "#0", "tintindex": 0},
				"east": {"uv": [1.625, 0.1875, 1.8125, 0.375], "texture": "#0", "tintindex": 0},
				"south": {"uv": [2.1875, 0.1875, 2.375, 0.375], "texture": "#0", "tintindex": 0},
				"west": {"uv": [2, 0.1875, 2.1875, 0.375], "texture": "#0", "tintindex": 0},
				"up": {"uv": [2, 0.1875, 1.8125, 0], "texture": "#0", "tintindex": 0},
				"down": {"uv": [2.1875, 0, 2, 0.1875], "texture": "#0", "tintindex": 0}
			}
		},
		{
			"from": [12, 19.318, -1.23728],
			"to": [15, 22.318, 1.76272],
			"rotation": {"angle": 22.5, "axis": "x", "origin": [9, 90.86667, 0.1]},
			"faces": {
				"north": {"uv": [1.8125, 0.1875, 2, 0.375], "texture": "#0", "tintindex": 0},
				"east": {"uv": [1.625, 0.1875, 1.8125, 0.375], "texture": "#0", "tintindex": 0},
				"south": {"uv": [2.1875, 0.1875, 2.375, 0.375], "texture": "#0", "tintindex": 0},
				"west": {"uv": [2, 0.1875, 2.1875, 0.375], "texture": "#0", "tintindex": 0},
				"up": {"uv": [2, 0.1875, 1.8125, 0], "texture": "#0", "tintindex": 0},
				"down": {"uv": [2.1875, 0, 2, 0.1875], "texture": "#0", "tintindex": 0}
			}
		},
		{
			"from": [-8, -15.48062, 9.78028],
			"to": [1, 3.51938, 18.78028],
			"rotation": {"angle": 0, "axis": "x", "origin": [9, -5.98062, 14.28028]},
			"faces": {
				"north": {"uv": [0.5625, 1.75, 1.125, 2.9375], "texture": "#0", "tintindex": 0},
				"east": {"uv": [0, 1.75, 0.5625, 2.9375], "texture": "#0", "tintindex": 0},
				"south": {"uv": [1.6875, 1.75, 2.25, 2.9375], "texture": "#0", "tintindex": 0},
				"west": {"uv": [1.125, 1.75, 1.6875, 2.9375], "texture": "#0", "tintindex": 0},
				"up": {"uv": [1.125, 1.75, 0.5625, 1.1875], "texture": "#0", "tintindex": 0},
				"down": {"uv": [1.6875, 1.1875, 1.125, 1.75], "texture": "#0", "tintindex": 0}
			}
		},
		{
			"from": [-8, -4.72846, -15.27446],
			"to": [-2, 8.27154, -9.27446],
			"rotation": {"angle": 45, "axis": "x", "origin": [9, 1.77154, -12.27446]},
			"faces": {
				"north": {"uv": [0.375, 0.375, 0.75, 1.1875], "texture": "#0", "tintindex": 0},
				"east": {"uv": [0, 0.375, 0.375, 1.1875], "texture": "#0", "tintindex": 0},
				"south": {"uv": [1.125, 0.375, 1.5, 1.1875], "texture": "#0", "tintindex": 0},
				"west": {"uv": [0.75, 0.375, 1.125, 1.1875], "texture": "#0", "tintindex": 0},
				"up": {"uv": [0.75, 0.375, 0.375, 0], "texture": "#0", "tintindex": 0},
				"down": {"uv": [1.125, 0, 0.75, 0.375], "texture": "#0", "tintindex": 0}
			}
		},
		{
			"from": [20, -4.72846, -15.27446],
			"to": [26, 8.27154, -9.27446],
			"shade": false,
			"rotation": {"angle": 45, "axis": "x", "origin": [9, 1.77154, -12.27446]},
			"faces": {
				"north": {"uv": [0.75, 0.375, 0.375, 1.1875], "texture": "#0", "tintindex": 0},
				"east": {"uv": [1.125, 0.375, 0.75, 1.1875], "texture": "#0", "tintindex": 0},
				"south": {"uv": [1.5, 0.375, 1.125, 1.1875], "texture": "#0", "tintindex": 0},
				"west": {"uv": [0.375, 0.375, 0, 1.1875], "texture": "#0", "tintindex": 0},
				"up": {"uv": [0.375, 0.375, 0.75, 0], "texture": "#0", "tintindex": 0},
				"down": {"uv": [0.75, 0, 1.125, 0.375], "texture": "#0", "tintindex": 0}
			}
		},
		{
			"from": [17, -15.48062, 9.78028],
			"to": [26, 3.51938, 18.78028],
			"shade": false,
			"rotation": {"angle": 0, "axis": "x", "origin": [9, -5.98062, 14.28028]},
			"faces": {
				"north": {"uv": [1.125, 1.75, 0.5625, 2.9375], "texture": "#0", "tintindex": 0},
				"east": {"uv": [1.6875, 1.75, 1.125, 2.9375], "texture": "#0", "tintindex": 0},
				"south": {"uv": [2.25, 1.75, 1.6875, 2.9375], "texture": "#0", "tintindex": 0},
				"west": {"uv": [0.5625, 1.75, 0, 2.9375], "texture": "#0", "tintindex": 0},
				"up": {"uv": [0.5625, 1.75, 1.125, 1.1875], "texture": "#0", "tintindex": 0},
				"down": {"uv": [1.125, 1.1875, 1.6875, 1.75], "texture": "#0", "tintindex": 0}
			}
		}
	],
	"display": {
		"head": {
			"rotation": [-22.5, 0, 0],
			"translation": [0, -12.85, 0],
			"scale": [1.6, 1.6, 1.6]
		}
	},
	"groups": [
		{
			"name": "Entire",
			"origin": [0, 0, 0],
			"color": 0,
			"children": [
				{
					"name": "Body",
					"origin": [0, 0, 0],
					"color": 0,
					"children": [0, 1, 2, 3, 4, 5, 6]
				},
				{
					"name": "Head",
					"origin": [0, 0, 0],
					"color": 0,
					"children": [7, 8, 9, 10, 11, 12, 13, 14, 15]
				},
				{
					"name": "Limbs",
					"origin": [0, 0, 0],
					"color": 0,
					"children": [16, 17, 18, 19]
				}
			]
		}
	]
}
