{
	"texture_size": [32, 32],
	"textures": {
		"0": "dnd:entity/fossil/compsognathus",
		"particle": "dnd:entity/fossil/compsognathus"
	},
	"elements": [
		{
			"from": [8.5, 0, 10],
			"to": [9.5, 3, 10.01],
			"faces": {
				"north": {"uv": [0, 2.5, 0.5, 4], "texture": "#0", "tintindex": 0},
				"east": {"uv": [0, 2.5, 0, 4], "texture": "#0", "tintindex": 0},
				"south": {"uv": [0.5, 2.5, 1, 4], "texture": "#0", "tintindex": 0},
				"west": {"uv": [0.5, 2.5, 0.5, 4], "texture": "#0", "tintindex": 0},
				"up": {"uv": [0.5, 2.5, 0, 2.5], "texture": "#0", "tintindex": 0},
				"down": {"uv": [1, 2.5, 0.5, 2.5], "texture": "#0", "tintindex": 0}
			}
		},
		{
			"from": [6.5, 0, 10],
			"to": [7.5, 3, 10.01],
			"shade": false,
			"faces": {
				"north": {"uv": [0.5, 2.5, 0, 4], "texture": "#0", "tintindex": 0},
				"east": {"uv": [0.5, 2.5, 0.5, 4], "texture": "#0", "tintindex": 0},
				"south": {"uv": [1, 2.5, 0.5, 4], "texture": "#0", "tintindex": 0},
				"west": {"uv": [0, 2.5, 0, 4], "texture": "#0", "tintindex": 0},
				"up": {"uv": [0, 2.5, 0.5, 2.5], "texture": "#0", "tintindex": 0},
				"down": {"uv": [0.5, 2.5, 1, 2.5], "texture": "#0", "tintindex": 0}
			}
		},
		{
			"from": [6.5, 0, 9],
			"to": [7.5, 0.01, 10],
			"shade": false,
			"faces": {
				"north": {"uv": [2.5, 0.5, 2, 0.5], "texture": "#0", "tintindex": 0},
				"east": {"uv": [3, 0.5, 2.5, 0.5], "texture": "#0", "tintindex": 0},
				"south": {"uv": [3.5, 0.5, 3, 0.5], "texture": "#0", "tintindex": 0},
				"west": {"uv": [2, 0.5, 1.5, 0.5], "texture": "#0", "tintindex": 0},
				"up": {"uv": [2, 0.5, 2.5, 0], "texture": "#0", "tintindex": 0},
				"down": {"uv": [2.5, 0, 3, 0.5], "texture": "#0", "tintindex": 0}
			}
		},
		{
			"from": [8.5, 0, 9],
			"to": [9.5, 0.01, 10],
			"faces": {
				"north": {"uv": [2, 0.5, 2.5, 0.5], "texture": "#0", "tintindex": 0},
				"east": {"uv": [1.5, 0.5, 2, 0.5], "texture": "#0", "tintindex": 0},
				"south": {"uv": [3, 0.5, 3.5, 0.5], "texture": "#0", "tintindex": 0},
				"west": {"uv": [2.5, 0.5, 3, 0.5], "texture": "#0", "tintindex": 0},
				"up": {"uv": [2.5, 0.5, 2, 0], "texture": "#0", "tintindex": 0},
				"down": {"uv": [3, 0, 2.5, 0.5], "texture": "#0", "tintindex": 0}
			}
		},
		{
			"from": [6.5, 2, 6],
			"to": [7.5, 3, 6.01],
			"shade": false,
			"faces": {
				"north": {"uv": [0.5, 0, 0, 0.5], "texture": "#0", "tintindex": 0},
				"east": {"uv": [0.5, 0, 0.5, 0.5], "texture": "#0", "tintindex": 0},
				"south": {"uv": [1, 0, 0.5, 0.5], "texture": "#0", "tintindex": 0},
				"west": {"uv": [0, 0, 0, 0.5], "texture": "#0", "tintindex": 0},
				"up": {"uv": [0, 0, 0.5, 0], "texture": "#0", "tintindex": 0},
				"down": {"uv": [0.5, 0, 1, 0], "texture": "#0", "tintindex": 0}
			}
		},
		{
			"from": [8.5, 2, 6],
			"to": [9.5, 3, 6.01],
			"faces": {
				"north": {"uv": [0, 0, 0.5, 0.5], "texture": "#0", "tintindex": 0},
				"east": {"uv": [0, 0, 0, 0.5], "texture": "#0", "tintindex": 0},
				"south": {"uv": [0.5, 0, 1, 0.5], "texture": "#0", "tintindex": 0},
				"west": {"uv": [0.5, 0, 0.5, 0.5], "texture": "#0", "tintindex": 0},
				"up": {"uv": [0.5, 0, 0, 0], "texture": "#0", "tintindex": 0},
				"down": {"uv": [1, 0, 0.5, 0], "texture": "#0", "tintindex": 0}
			}
		},
		{
			"from": [6.5, 3, 5],
			"to": [9.5, 6, 11],
			"faces": {
				"north": {"uv": [3, 6.5, 4.5, 8], "texture": "#0", "tintindex": 0},
				"east": {"uv": [0, 6.5, 3, 8], "texture": "#0", "tintindex": 0},
				"south": {"uv": [7.5, 6.5, 9, 8], "texture": "#0", "tintindex": 0},
				"west": {"uv": [4.5, 6.5, 7.5, 8], "texture": "#0", "tintindex": 0},
				"up": {"uv": [4.5, 6.5, 3, 3.5], "texture": "#0", "tintindex": 0},
				"down": {"uv": [6, 3.5, 4.5, 6.5], "texture": "#0", "tintindex": 0}
			}
		},
		{
			"from": [6, 4, 11],
			"to": [7, 5, 18],
			"rotation": {"angle": -22.5, "axis": "y", "origin": [8, 4.5, 14.5]},
			"faces": {
				"north": {"uv": [9, 8, 9.5, 8.5], "texture": "#0", "tintindex": 0},
				"east": {"uv": [5.5, 8, 9, 8.5], "texture": "#0", "tintindex": 0},
				"south": {"uv": [13, 8, 13.5, 8.5], "texture": "#0", "tintindex": 0},
				"west": {"uv": [9.5, 8, 13, 8.5], "texture": "#0", "tintindex": 0},
				"up": {"uv": [9.5, 8, 9, 4.5], "texture": "#0", "tintindex": 0},
				"down": {"uv": [10, 4.5, 9.5, 8], "texture": "#0", "tintindex": 0}
			}
		},
		{
			"from": [4, 4.5, 11],
			"to": [9, 4.5, 18],
			"rotation": {"angle": -22.5, "axis": "y", "origin": [8, 4.5, 14.5]},
			"faces": {
				"north": {"uv": [3.5, 3.5, 6, 3.5], "texture": "#0", "tintindex": 0},
				"east": {"uv": [0, 3.5, 3.5, 3.5], "texture": "#0", "tintindex": 0},
				"south": {"uv": [9.5, 3.5, 12, 3.5], "texture": "#0", "tintindex": 0},
				"west": {"uv": [6, 3.5, 9.5, 3.5], "texture": "#0", "tintindex": 0},
				"up": {"uv": [6, 3.5, 3.5, 0], "texture": "#0", "tintindex": 0},
				"down": {"uv": [8.5, 0, 6, 3.5], "texture": "#0", "tintindex": 0}
			}
		},
		{
			"from": [7.75, 4, 4],
			"to": [8.75, 7, 6],
			"rotation": {"angle": -22.5, "axis": "y", "origin": [8.25, 6.75, 4.5]},
			"faces": {
				"north": {"uv": [1, 1, 1.5, 2.5], "texture": "#0", "tintindex": 0},
				"east": {"uv": [0, 1, 1, 2.5], "texture": "#0", "tintindex": 0},
				"south": {"uv": [2.5, 1, 3, 2.5], "texture": "#0", "tintindex": 0},
				"west": {"uv": [1.5, 1, 2.5, 2.5], "texture": "#0", "tintindex": 0},
				"up": {"uv": [1.5, 1, 1, 0], "texture": "#0", "tintindex": 0},
				"down": {"uv": [2, 0, 1.5, 1], "texture": "#0", "tintindex": 0}
			}
		},
		{
			"from": [7.25, 7, 2],
			"to": [9.25, 9, 6],
			"rotation": {"angle": -22.5, "axis": "y", "origin": [8.25, 6.75, 4.5]},
			"faces": {
				"north": {"uv": [8.5, 3.5, 9.5, 4.5], "texture": "#0", "tintindex": 0},
				"east": {"uv": [6.5, 3.5, 8.5, 4.5], "texture": "#0", "tintindex": 0},
				"south": {"uv": [11.5, 3.5, 12.5, 4.5], "texture": "#0", "tintindex": 0},
				"west": {"uv": [9.5, 3.5, 11.5, 4.5], "texture": "#0", "tintindex": 0},
				"up": {"uv": [9.5, 3.5, 8.5, 1.5], "texture": "#0", "tintindex": 0},
				"down": {"uv": [10.5, 1.5, 9.5, 3.5], "texture": "#0", "tintindex": 0}
			}
		}
	],
	"display": {
		"head": {
			"translation": [0, -32, 0],
			"scale": [1.6, 1.6, 1.6]
		}
	},
	"groups": [
		{
			"name": "Entire",
			"origin": [0, 0, 0],
			"color": 0,
			"children": [
				{
					"name": "Limbs",
					"origin": [0, 0, 0],
					"color": 0,
					"children": [
						{
							"name": "Legs",
							"origin": [0, 0, 0],
							"color": 0,
							"children": [0, 1, 2, 3]
						},
						{
							"name": "Arms",
							"origin": [0, 0, 0],
							"color": 0,
							"children": [4, 5]
						}
					]
				},
				{
					"name": "Body",
					"origin": [0, 0, 0],
					"color": 0,
					"children": [6, 7, 8]
				},
				{
					"name": "Head",
					"origin": [0, 0, 0],
					"color": 0,
					"children": [9, 10]
				}
			]
		}
	]
}
