{
	"textures": {
		"base": "dnd:entity/fossil/egg"
	},
	"elements": [
		{
			"from": [4, 0, 4],
			"to": [12, 12, 12],
			"rotation": {"angle": 0, "axis": "y", "origin": [8, 0, 8]},
			"faces": {
				"north": {"uv": [0, 0, 8, 12], "texture": "#base"},
				"east": {"uv": [0, 0, 8, 12], "texture": "#base"},
				"south": {"uv": [0, 0, 8, 12], "texture": "#base"},
				"west": {"uv": [0, 0, 8, 12], "texture": "#base"},
				"up": {"uv": [8, 8, 16, 16], "texture": "#base"},
				"down": {"uv": [8, 8, 16, 16], "texture": "#base"}
			}
		}
	],
	"display": {
		"head": {
			"translation": [0, -32, 0],
			"scale": [1.601, 1.601, 1.601]
		}
	}
}
