{
	"texture_size": [96, 96],
	"textures": {
		"0": "dnd:entity/fossil/pachycephalosaurus"
	},
	"elements": [
		{
			"from": [4.98, -0.00023, 5.61673],
			"to": [11.02, 6.03977, 11.65673],
			"rotation": {"angle": 0, "axis": "x", "origin": [8, 12.51977, 8.42873]},
			"faces": {
				"north": {"uv": [4, 2.5, 5, 3.5], "texture": "#0"},
				"east": {"uv": [3, 2.5, 4, 3.5], "texture": "#0"},
				"south": {"uv": [6, 2.5, 7, 3.5], "texture": "#0"},
				"west": {"uv": [5, 2.5, 6, 3.5], "texture": "#0"},
				"up": {"uv": [5, 2.5, 4, 1.5], "texture": "#0"},
				"down": {"uv": [6, 1.5, 5, 2.5], "texture": "#0"}
			}
		},
		{
			"from": [6.5, 1.01977, 2.62674],
			"to": [9.5, 5.01977, 5.62674],
			"rotation": {"angle": 0, "axis": "x", "origin": [8, 12.51977, 8.42873]},
			"faces": {
				"north": {"uv": [3.33333, 0.5, 3.83333, 1.16667], "texture": "#0"},
				"east": {"uv": [2.83333, 0.5, 3.33333, 1.16667], "texture": "#0"},
				"south": {"uv": [4.33333, 0.5, 4.83333, 1.16667], "texture": "#0"},
				"west": {"uv": [3.83333, 0.5, 4.33333, 1.16667], "texture": "#0"},
				"up": {"uv": [3.83333, 0.5, 3.33333, 0], "texture": "#0"},
				"down": {"uv": [4.33333, 0, 3.83333, 0.5], "texture": "#0"}
			}
		},
		{
			"from": [4.49, 5.00977, 11.61673],
			"to": [6.51, 7.02977, 13.63673],
			"shade": false,
			"rotation": {"angle": 0, "axis": "x", "origin": [8, 12.51977, 8.42873]},
			"faces": {
				"north": {"uv": [0.66667, 5, 0.33333, 5.33333], "texture": "#0"},
				"east": {"uv": [1, 5, 0.66667, 5.33333], "texture": "#0"},
				"south": {"uv": [1.33333, 5, 1, 5.33333], "texture": "#0"},
				"west": {"uv": [0.33333, 5, 0, 5.33333], "texture": "#0"},
				"up": {"uv": [0.33333, 5, 0.66667, 4.66667], "texture": "#0"},
				"down": {"uv": [0.66667, 4.66667, 1, 5], "texture": "#0"}
			}
		},
		{
			"from": [5.5, 0.01977, 5.62673],
			"to": [10.5, 8.01977, 12.62673],
			"rotation": {"angle": 0, "axis": "x", "origin": [8, 12.51977, 8.42873]},
			"faces": {
				"north": {"uv": [1.16667, 1.16667, 2, 2.5], "texture": "#0"},
				"east": {"uv": [0, 1.16667, 1.16667, 2.5], "texture": "#0"},
				"south": {"uv": [3.16667, 1.16667, 4, 2.5], "texture": "#0"},
				"west": {"uv": [2, 1.16667, 3.16667, 2.5], "texture": "#0"},
				"up": {"uv": [2, 1.16667, 1.16667, 0], "texture": "#0"},
				"down": {"uv": [2.83333, 0, 2, 1.16667], "texture": "#0"}
			}
		},
		{
			"from": [9.49, 5.00977, 11.61673],
			"to": [11.51, 7.02977, 13.63673],
			"rotation": {"angle": 0, "axis": "x", "origin": [8, 12.51977, 8.42873]},
			"faces": {
				"north": {"uv": [0.33333, 5, 0.66667, 5.33333], "texture": "#0"},
				"east": {"uv": [0, 5, 0.33333, 5.33333], "texture": "#0"},
				"south": {"uv": [1, 5, 1.33333, 5.33333], "texture": "#0"},
				"west": {"uv": [0.66667, 5, 1, 5.33333], "texture": "#0"},
				"up": {"uv": [0.66667, 5, 0.33333, 4.66667], "texture": "#0"},
				"down": {"uv": [1, 4.66667, 0.66667, 5], "texture": "#0"}
			}
		}
	],
	"display": {
		"ground": {
			"rotation": [-180, 0, -180],
			"translation": [0, -9.5, -5]
		},
		"head": {
			"translation": [0, -32.5, -2],
			"scale": [1.6, 1.6, 1.6]
		}
	},
	"groups": [
		{
			"name": "Entire",
			"origin": [0, 0, 0],
			"color": 0,
			"children": [
				{
					"name": "Head",
					"origin": [0, 0, -2],
					"color": 0,
					"children": [0, 1, 2, 3, 4]
				},
				{
					"name": "Body",
					"origin": [0, 0, -2],
					"color": 0,
					"children": []
				},
				{
					"name": "Limbs",
					"origin": [0, 0, -2],
					"color": 0,
					"children": []
				}
			]
		}
	]
}