{
	"texture_size": [48, 64],
	"textures": {
		"0": "dnd:entity/fossil/sauropod_femur"
	},
	"elements": [
		{
			"from": [7, 0, 10],
			"to": [9, 24, 12],
			"rotation": {"angle": 0, "axis": "x", "origin": [9, 15, 6]},
			"faces": {
				"north": {"uv": [14, 0.5, 14.66667, 6.5], "texture": "#0"},
				"east": {"uv": [13.33333, 0.5, 14, 6.5], "texture": "#0"},
				"south": {"uv": [15.33333, 0.5, 16, 6.5], "texture": "#0"},
				"west": {"uv": [14.66667, 0.5, 15.33333, 6.5], "texture": "#0"},
				"up": {"uv": [14.66667, 0.5, 14, 0], "texture": "#0"},
				"down": {"uv": [15.33333, 0, 14.66667, 0.5], "texture": "#0"}
			}
		},
		{
			"from": [3, -1, 0],
			"to": [13, 7, 8],
			"rotation": {"angle": 22.5, "axis": "x", "origin": [8, 15, 4]},
			"faces": {
				"north": {"uv": [2.66667, 6, 6, 8], "texture": "#0"},
				"east": {"uv": [0, 6, 2.66667, 8], "texture": "#0"},
				"south": {"uv": [8.66667, 6, 12, 8], "texture": "#0"},
				"west": {"uv": [6, 6, 8.66667, 8], "texture": "#0"},
				"up": {"uv": [6, 6, 2.66667, 4], "texture": "#0"},
				"down": {"uv": [9.33333, 4, 6, 6], "texture": "#0"}
			}
		},
		{
			"from": [3, 21, 0],
			"to": [13, 29, 8],
			"rotation": {"angle": 22.5, "axis": "x", "origin": [8, 15, 4]},
			"faces": {
				"north": {"uv": [2.66667, 2, 6, 4], "texture": "#0"},
				"east": {"uv": [0, 2, 2.66667, 4], "texture": "#0"},
				"south": {"uv": [8.66667, 2, 12, 4], "texture": "#0"},
				"west": {"uv": [6, 2, 8.66667, 4], "texture": "#0"},
				"up": {"uv": [6, 2, 2.66667, 0], "texture": "#0"},
				"down": {"uv": [9.33333, 0, 6, 2], "texture": "#0"}
			}
		},
		{
			"from": [5, 7, 1],
			"to": [11, 21, 7],
			"rotation": {"angle": 22.5, "axis": "x", "origin": [8, 15, 4]},
			"faces": {
				"north": {"uv": [2, 9.5, 4, 13], "texture": "#0"},
				"east": {"uv": [0, 9.5, 2, 13], "texture": "#0"},
				"south": {"uv": [6, 9.5, 8, 13], "texture": "#0"},
				"west": {"uv": [4, 9.5, 6, 13], "texture": "#0"},
				"up": {"uv": [4, 9.5, 2, 8], "texture": "#0"},
				"down": {"uv": [6, 8, 4, 9.5], "texture": "#0"}
			}
		}
	],
	"display": {
		"ground": {
			"rotation": [0, -180, 0],
			"translation": [0, -9.5, -6]
		},
		"head": {
			"translation": [0, -32.5, 0],
			"scale": [1.601, 1.601, 1.601]
		}
	},
	"groups": [
		{
			"name": "Global",
			"origin": [8, 15, 4],
			"color": 0,
			"children": [0, 1, 2, 3]
		}
	]
}
