{
	"texture_size": [64, 64],
	"textures": {
		"0": "dnd:entity/fossil/saurischian_pelvis"
	},
	"elements": [
		{
			"from": [6, 9, 3],
			"to": [10, 13, 14],
			"rotation": {"angle": 0, "axis": "y", "origin": [6, 9, 3]},
			"faces": {
				"north": {"uv": [2.75, 2.75, 3.75, 3.75], "texture": "#0"},
				"east": {"uv": [0, 2.75, 2.75, 3.75], "texture": "#0"},
				"south": {"uv": [6.5, 2.75, 7.5, 3.75], "texture": "#0"},
				"west": {"uv": [3.75, 2.75, 6.5, 3.75], "texture": "#0"},
				"up": {"uv": [3.75, 2.75, 2.75, 0], "texture": "#0"},
				"down": {"uv": [4.75, 0, 3.75, 2.75], "texture": "#0"}
			}
		},
		{
			"from": [7.99, 0.99, 1.99],
			"to": [8.01, 9.01, 16.01],
			"rotation": {"angle": 0, "axis": "y", "origin": [6, 9, 3]},
			"faces": {
				"north": {"uv": [3.5, 6.75, 3.5, 8.75], "texture": "#0"},
				"east": {"uv": [0, 6.75, 3.5, 8.75], "texture": "#0"},
				"south": {"uv": [7, 6.75, 7, 8.75], "texture": "#0"},
				"west": {"uv": [3.5, 6.75, 7, 8.75], "texture": "#0"},
				"up": {"uv": [3.5, 6.75, 3.5, 3.25], "texture": "#0"},
				"down": {"uv": [3.5, 3.25, 3.5, 6.75], "texture": "#0"}
			}
		},
		{
			"from": [10, 11, 3],
			"to": [15, 12, 14],
			"shade": false,
			"rotation": {"angle": 0, "axis": "y", "origin": [6, 9, 3]},
			"faces": {
				"north": {"uv": [4, 6.5, 2.75, 6.75], "texture": "#0"},
				"east": {"uv": [6.75, 6.5, 4, 6.75], "texture": "#0"},
				"south": {"uv": [8, 6.5, 6.75, 6.75], "texture": "#0"},
				"west": {"uv": [2.75, 6.5, 0, 6.75], "texture": "#0"},
				"up": {"uv": [2.75, 6.5, 4, 3.75], "texture": "#0"},
				"down": {"uv": [4, 3.75, 5.25, 6.5], "texture": "#0"}
			}
		},
		{
			"from": [1, 11, 3],
			"to": [6, 12, 14],
			"rotation": {"angle": 0, "axis": "y", "origin": [-3, 9, 3]},
			"faces": {
				"north": {"uv": [2.75, 6.5, 4, 6.75], "texture": "#0"},
				"east": {"uv": [0, 6.5, 2.75, 6.75], "texture": "#0"},
				"south": {"uv": [6.75, 6.5, 8, 6.75], "texture": "#0"},
				"west": {"uv": [4, 6.5, 6.75, 6.75], "texture": "#0"},
				"up": {"uv": [4, 6.5, 2.75, 3.75], "texture": "#0"},
				"down": {"uv": [5.25, 3.75, 4, 6.5], "texture": "#0"}
			}
		},
		{
			"from": [3, 0, 8],
			"to": [4, 11, 9],
			"rotation": {"angle": 0, "axis": "y", "origin": [3, 0, 8]},
			"faces": {
				"north": {"uv": [7.75, 0.25, 8, 3], "texture": "#0"},
				"east": {"uv": [7.5, 0.25, 7.75, 3], "texture": "#0"},
				"south": {"uv": [8.25, 0.25, 8.5, 3], "texture": "#0"},
				"west": {"uv": [8, 0.25, 8.25, 3], "texture": "#0"},
				"up": {"uv": [8, 0.25, 7.75, 0], "texture": "#0"},
				"down": {"uv": [8.25, 0, 8, 0.25], "texture": "#0"}
			}
		},
		{
			"from": [12, 0, 8],
			"to": [13, 11, 9],
			"shade": false,
			"rotation": {"angle": 0, "axis": "y", "origin": [12, 0, 8]},
			"faces": {
				"north": {"uv": [8, 0.25, 7.75, 3], "texture": "#0"},
				"east": {"uv": [8.25, 0.25, 8, 3], "texture": "#0"},
				"south": {"uv": [8.5, 0.25, 8.25, 3], "texture": "#0"},
				"west": {"uv": [7.75, 0.25, 7.5, 3], "texture": "#0"},
				"up": {"uv": [7.75, 0.25, 8, 0], "texture": "#0"},
				"down": {"uv": [8, 0, 8.25, 0.25], "texture": "#0"}
			}
		}
	],
	"display": {
		"head": {
			"translation": [0, -32, 0],
			"scale": [1.601, 1.601, 1.601]
		}
	},
	"groups": [
		{
			"name": "Global",
			"origin": [8, 15, 4],
			"color": 0,
			"children": [0, 1, 2, 3, 4, 5]
		}
	]
}
