{
  "pools": [
    {
      "rolls": 1,
      "entries": [
        {
          "type": "minecraft:alternatives",
          "children": [
            {
              "type": "minecraft:loot_table",
              "name": "dnd:gameplay/paleontology/sand/fossil_preservation/6",
              "conditions": [
                {
                  "condition": "minecraft:entity_scores",
                  "entity": "this",
                  "scores": {
                    "dnd.fossil_pres": {
                      "min": 6
                    }
                  }
                }
              ]
            },
            {
              "type": "minecraft:loot_table",
              "name": "dnd:gameplay/paleontology/sand/fossil_preservation/5",
              "conditions": [
                {
                  "condition": "minecraft:entity_scores",
                  "entity": "this",
                  "scores": {
                    "dnd.fossil_pres": {
                      "min": 5
                    }
                  }
                }
              ]
            },
            {
              "type": "minecraft:loot_table",
              "name": "dnd:gameplay/paleontology/sand/fossil_preservation/4",
              "conditions": [
                {
                  "condition": "minecraft:entity_scores",
                  "entity": "this",
                  "scores": {
                    "dnd.fossil_pres": {
                      "min": 4
                    }
                  }
                }
              ]
            },
            {
              "type": "minecraft:loot_table",
              "name": "dnd:gameplay/paleontology/sand/fossil_preservation/3",
              "conditions": [
                {
                  "condition": "minecraft:entity_scores",
                  "entity": "this",
                  "scores": {
                    "dnd.fossil_pres": {
                      "min": 3
                    }
                  }
                }
              ]
            },
            {
              "type": "minecraft:loot_table",
              "name": "dnd:gameplay/paleontology/sand/fossil_preservation/2",
              "conditions": [
                {
                  "condition": "minecraft:entity_scores",
                  "entity": "this",
                  "scores": {
                    "dnd.fossil_pres": {
                      "min": 2
                    }
                  }
                }
              ]
            },
            {
              "type": "minecraft:loot_table",
              "name": "dnd:gameplay/paleontology/sand/fossil_preservation/1",
              "conditions": [
                {
                  "condition": "minecraft:entity_scores",
                  "entity": "this",
                  "scores": {
                    "dnd.fossil_pres": {
                      "min": 1
                    }
                  }
                }
              ]
            },
            {
              "type": "minecraft:loot_table",
              "name": "dnd:gameplay/paleontology/sand/fossil_preservation/0"
            }
          ]
        }
      ]
    }
  ]
}
