{
  "pools": [
    {
      "rolls": 1,
      "entries": [
        {
          "type": "minecraft:item",
          "weight": 70,
          "name": "minecraft:bone_block"
        },
        {
          "type": "minecraft:item",
          "weight": 10,
          "name": "minecraft:raw_gold"
        },
        {
          "type": "minecraft:item",
          "weight": 20,
          "name": "minecraft:raw_iron"
        },
        {
          "type": "minecraft:item",
          "weight": 90,
          "name": "minecraft:bone"
        },
        {
          "type": "minecraft:item",
          "weight": 30,
          "name": "minecraft:raw_copper"
        },
        {
          "type": "minecraft:item",
          "weight": 60,
          "name": "minecraft:iron_nugget"
        },
        {
          "type": "minecraft:item",
          "weight": 50,
          "name": "minecraft:gold_nugget"
        },
        {
          "type": "minecraft:item",
          "weight": 100,
          "name": "minecraft:stick"
        },
        {
          "type": "minecraft:item",
          "weight": 50,
          "name": "minecraft:gold_ingot",
          "conditions": [
            {
              "condition": "minecraft:location_check",
              "predicate": {
                "biome": "minecraft:badlands"
              }
            }
          ]
        }
      ]
    }
  ]
}
