{
    "condition": "minecraft:alternative",
    "terms": [
        {
            "condition": "minecraft:reference",
            "name": "dnd:block/check_spawner_item/tool/iron_pickaxe"
        },
        {
            "condition": "minecraft:reference",
            "name": "dnd:block/check_spawner_item/tool/diamond_pickaxe"
        },
        {
            "condition": "minecraft:reference",
            "name": "dnd:block/check_spawner_item/tool/netherite_pickaxe"
        }
    ]
}
