{
    "texture_size": [
        256,
        256
    ],
    "textures": {
        "main": "dnd:entity/adult/ankylosaurus_walking"
    },
    "elements": [
        {
            "from": [ -7, 0, -16 ],
            "to":   [ 25, 23, 29 ],
            "rotation": { "angle": 22.5, "axis": "x", "origin": [9, 7.86667, 0.1] },
            "faces": {
                "north": { "uv": [ 1.40625, 1.46875, 2.40625, 2.1875 ], "texture": "#main", "tintindex":0 },
                "east":  { "uv": [ 0, 1.46875, 1.40625, 2.1875 ], "texture": "#main", "tintindex":0 },
                "south": { "uv": [ 3.8125, 1.46875, 4.8125, 2.1875 ], "texture": "#main", "tintindex":0 },
                "west":  { "uv": [ 2.40625, 1.46875, 3.8125, 2.1875 ], "texture": "#main", "tintindex":0 },
                "up":    { "uv": [ 2.40625, 1.46875, 1.40625, 0.0625 ], "texture": "#main", "tintindex":0 },
                "down":  { "uv": [ 3.40625, 0.0625, 2.40625, 1.46875 ], "texture": "#main", "tintindex":0 }
            }
        },
        {
            "from": [ 1, 0.0626, -0.95241 ],
            "to":   [ 17, 14.0626, 21.04759 ],
            "rotation": { "angle": 22.5, "axis": "x", "origin": [9, -70.13333, 0.1] },
            "faces": {
                "north": { "uv": [ 0.6875, 2.875, 1.1875, 3.3125 ], "texture": "#main", "tintindex":0 },
                "east":  { "uv": [ 0, 2.875, 0.6875, 3.3125 ], "texture": "#main", "tintindex":0 },
                "south": { "uv": [ 1.875, 2.875, 2.375, 3.3125 ], "texture": "#main", "tintindex":0 },
                "west":  { "uv": [ 1.1875, 2.875, 1.875, 3.3125 ], "texture": "#main", "tintindex":0 },
                "up":    { "uv": [ 1.1875, 2.875, 0.6875, 2.1875 ], "texture": "#main", "tintindex":0 },
                "down":  { "uv": [ 1.6875, 2.1875, 1.1875, 2.875 ], "texture": "#main", "tintindex":0 }
            }
        },
        {
            "from": [ 5, -0.94893, -0.34993 ],
            "to":   [ 13, 3.05107, 18.65007 ],
            "rotation": { "angle": 22.5, "axis": "x", "origin": [5, -126.4254, 1.99858] },
            "faces": {
                "north": { "uv": [ 2.96875, 2.78125, 3.21875, 2.90625 ], "texture": "#main", "tintindex":0 },
                "east":  { "uv": [ 2.375, 2.78125, 2.96875, 2.90625 ], "texture": "#main", "tintindex":0 },
                "south": { "uv": [ 3.8125, 2.78125, 4.0625, 2.90625 ], "texture": "#main", "tintindex":0 },
                "west":  { "uv": [ 3.21875, 2.78125, 3.8125, 2.90625 ], "texture": "#main", "tintindex":0 },
                "up":    { "uv": [ 3.21875, 2.78125, 2.96875, 2.1875 ], "texture": "#main", "tintindex":0 },
                "down":  { "uv": [ 3.46875, 2.1875, 3.21875, 2.78125 ], "texture": "#main", "tintindex":0 }
            }
        },
        {
            "from": [ 4, -4.9424, -2.00462 ],
            "to":   [ 14, 1.0576, 9.99538 ],
            "rotation": { "angle": 22.5, "axis": "x", "origin": [10, -179.84121, -0.80416] },
            "faces": {
                "north": { "uv": [ 3.78125, 0.375, 4.09375, 0.5625 ], "texture": "#main", "tintindex":0 },
                "east":  { "uv": [ 3.40625, 0.375, 3.78125, 0.5625 ], "texture": "#main", "tintindex":0 },
                "south": { "uv": [ 4.46875, 0.375, 4.78125, 0.5625 ], "texture": "#main", "tintindex":0 },
                "west":  { "uv": [ 4.09375, 0.375, 4.46875, 0.5625 ], "texture": "#main", "tintindex":0 },
                "up":    { "uv": [ 4.09375, 0.375, 3.78125, 0 ], "texture": "#main", "tintindex":0 },
                "down":  { "uv": [ 4.40625, 0, 4.09375, 0.375 ], "texture": "#main", "tintindex":0 }
            }
        },
        {
            "from": [ 4, 9.95826, -12.10046 ],
            "to":   [ 14, 18.95826, -2.10046 ],
            "rotation": { "angle": 22.5, "axis": "x", "origin": [9, 59.86667, 0.1] },
            "faces": {
                "north": { "uv": [ 2, 2.5, 2.3125, 2.78125 ], "texture": "#main", "tintindex":0 },
                "east":  { "uv": [ 1.6875, 2.5, 2, 2.78125 ], "texture": "#main", "tintindex":0 },
                "south": { "uv": [ 2.625, 2.5, 2.9375, 2.78125 ], "texture": "#main", "tintindex":0 },
                "west":  { "uv": [ 2.3125, 2.5, 2.625, 2.78125 ], "texture": "#main", "tintindex":0 },
                "up":    { "uv": [ 2.3125, 2.5, 2, 2.1875 ], "texture": "#main", "tintindex":0 },
                "down":  { "uv": [ 2.625, 2.1875, 2.3125, 2.5 ], "texture": "#main", "tintindex":0 }
            }
        },
        {
            "from": [ 1, 8.27318, -5.54461 ],
            "to":   [ 17, 19.27318, 0.45539 ],
            "rotation": { "angle": 22.5, "axis": "x", "origin": [9, 50.86667, 0.1] },
            "faces": {
                "north": { "uv": [ 3.59375, 0.75, 4.09375, 1.09375 ], "texture": "#main", "tintindex":0 },
                "east":  { "uv": [ 3.40625, 0.75, 3.59375, 1.09375 ], "texture": "#main", "tintindex":0 },
                "south": { "uv": [ 4.28125, 0.75, 4.78125, 1.09375 ], "texture": "#main", "tintindex":0 },
                "west":  { "uv": [ 4.09375, 0.75, 4.28125, 1.09375 ], "texture": "#main", "tintindex":0 },
                "up":    { "uv": [ 4.09375, 0.75, 3.59375, 0.5625 ], "texture": "#main", "tintindex":0 },
                "down":  { "uv": [ 4.59375, 0.5625, 4.09375, 0.75 ], "texture": "#main", "tintindex":0 }
            }
        },
        {
            "from": [ 5, 14.98222, 4.15665 ],
            "to":   [ 13, 23.98222, 13.15665 ],
            "rotation": { "angle": 22.5, "axis": "x", "origin": [9, 125.86667, 0.1] },
            "faces": {
                "north": { "uv": [ 5.0625, 0.28125, 5.3125, 0.5625 ], "texture": "#main", "tintindex":0 },
                "east":  { "uv": [ 4.78125, 0.28125, 5.0625, 0.5625 ], "texture": "#main", "tintindex":0 },
                "south": { "uv": [ 5.59375, 0.28125, 5.84375, 0.5625 ], "texture": "#main", "tintindex":0 },
                "west":  { "uv": [ 5.3125, 0.28125, 5.59375, 0.5625 ], "texture": "#main", "tintindex":0 },
                "up":    { "uv": [ 5.3125, 0.28125, 5.0625, 0 ], "texture": "#main", "tintindex":0 },
                "down":  { "uv": [ 5.5625, 0, 5.3125, 0.28125 ], "texture": "#main", "tintindex":0 }
            }
        },
        {
            "from": [ 3, 19.318, -1.23728 ],
            "to":   [ 6, 22.318, 1.76272 ],
            "shade": false,
            "rotation": { "angle": 22.5, "axis": "x", "origin": [9, 90.86667, 0.1] },
            "faces": {
                "north": { "uv": [ 1, 0.09375, 0.90625, 0.1875 ], "texture": "#main", "tintindex":0 },
                "east":  { "uv": [ 1.09375, 0.09375, 1, 0.1875 ], "texture": "#main", "tintindex":0 },
                "south": { "uv": [ 1.1875, 0.09375, 1.09375, 0.1875 ], "texture": "#main", "tintindex":0 },
                "west":  { "uv": [ 0.90625, 0.09375, 0.8125, 0.1875 ], "texture": "#main", "tintindex":0 },
                "up":    { "uv": [ 0.90625, 0.09375, 1, 0 ], "texture": "#main", "tintindex":0 },
                "down":  { "uv": [ 1, 0, 1.09375, 0.09375 ], "texture": "#main", "tintindex":0 }
            }
        },
        {
            "from": [ 3, 11.318, -1.23728 ],
            "to":   [ 6, 14.318, 1.76272 ],
            "shade": false,
            "rotation": { "angle": 22.5, "axis": "x", "origin": [9, 90.86667, 0.1] },
            "faces": {
                "north": { "uv": [ 1, 0.09375, 0.90625, 0.1875 ], "texture": "#main", "tintindex":0 },
                "east":  { "uv": [ 1.09375, 0.09375, 1, 0.1875 ], "texture": "#main", "tintindex":0 },
                "south": { "uv": [ 1.1875, 0.09375, 1.09375, 0.1875 ], "texture": "#main", "tintindex":0 },
                "west":  { "uv": [ 0.90625, 0.09375, 0.8125, 0.1875 ], "texture": "#main", "tintindex":0 },
                "up":    { "uv": [ 0.90625, 0.09375, 1, 0 ], "texture": "#main", "tintindex":0 },
                "down":  { "uv": [ 1, 0, 1.09375, 0.09375 ], "texture": "#main", "tintindex":0 }
            }
        },
        {
            "from": [ 12, 11.318, -1.23728 ],
            "to":   [ 15, 14.318, 1.76272 ],
            "rotation": { "angle": 22.5, "axis": "x", "origin": [9, 90.86667, 0.1] },
            "faces": {
                "north": { "uv": [ 0.90625, 0.09375, 1, 0.1875 ], "texture": "#main", "tintindex":0 },
                "east":  { "uv": [ 0.8125, 0.09375, 0.90625, 0.1875 ], "texture": "#main", "tintindex":0 },
                "south": { "uv": [ 1.09375, 0.09375, 1.1875, 0.1875 ], "texture": "#main", "tintindex":0 },
                "west":  { "uv": [ 1, 0.09375, 1.09375, 0.1875 ], "texture": "#main", "tintindex":0 },
                "up":    { "uv": [ 1, 0.09375, 0.90625, 0 ], "texture": "#main", "tintindex":0 },
                "down":  { "uv": [ 1.09375, 0, 1, 0.09375 ], "texture": "#main", "tintindex":0 }
            }
        },
        {
            "from": [ 12, 19.318, -1.23728 ],
            "to":   [ 15, 22.318, 1.76272 ],
            "rotation": { "angle": 22.5, "axis": "x", "origin": [9, 90.86667, 0.1] },
            "faces": {
                "north": { "uv": [ 0.90625, 0.09375, 1, 0.1875 ], "texture": "#main", "tintindex":0 },
                "east":  { "uv": [ 0.8125, 0.09375, 0.90625, 0.1875 ], "texture": "#main", "tintindex":0 },
                "south": { "uv": [ 1.09375, 0.09375, 1.1875, 0.1875 ], "texture": "#main", "tintindex":0 },
                "west":  { "uv": [ 1, 0.09375, 1.09375, 0.1875 ], "texture": "#main", "tintindex":0 },
                "up":    { "uv": [ 1, 0.09375, 0.90625, 0 ], "texture": "#main", "tintindex":0 },
                "down":  { "uv": [ 1.09375, 0, 1, 0.09375 ], "texture": "#main", "tintindex":0 }
            }
        },
        {
            "from": [ -8, -9, 14 ],
            "to":   [ 1, 10, 23 ],
            "rotation": { "angle": 22.5, "axis": "x", "origin": [9, 7.86667, 0.1] },
            "faces": {
                "north": { "uv": [ 0.28125, 0.875, 0.5625, 1.46875 ], "texture": "#main", "tintindex":0 },
                "east":  { "uv": [ 0, 0.875, 0.28125, 1.46875 ], "texture": "#main", "tintindex":0 },
                "south": { "uv": [ 0.84375, 0.875, 1.125, 1.46875 ], "texture": "#main", "tintindex":0 },
                "west":  { "uv": [ 0.5625, 0.875, 0.84375, 1.46875 ], "texture": "#main", "tintindex":0 },
                "up":    { "uv": [ 0.5625, 0.875, 0.28125, 0.59375 ], "texture": "#main", "tintindex":0 },
                "down":  { "uv": [ 0.84375, 0.59375, 0.5625, 0.875 ], "texture": "#main", "tintindex":0 }
            }
        },
        {
            "from": [ -8, -9, -12 ],
            "to":   [ -2, 4, -6 ],
            "rotation": { "angle": 22.5, "axis": "x", "origin": [9, 7.86667, 0.1] },
            "faces": {
                "north": { "uv": [ 0.1875, 0.1875, 0.375, 0.59375 ], "texture": "#main", "tintindex":0 },
                "east":  { "uv": [ 0, 0.1875, 0.1875, 0.59375 ], "texture": "#main", "tintindex":0 },
                "south": { "uv": [ 0.5625, 0.1875, 0.75, 0.59375 ], "texture": "#main", "tintindex":0 },
                "west":  { "uv": [ 0.375, 0.1875, 0.5625, 0.59375 ], "texture": "#main", "tintindex":0 },
                "up":    { "uv": [ 0.375, 0.1875, 0.1875, 0 ], "texture": "#main", "tintindex":0 },
                "down":  { "uv": [ 0.5625, 0, 0.375, 0.1875 ], "texture": "#main", "tintindex":0 }
            }
        },
        {
            "from": [ 20, -9, -12 ],
            "to":   [ 26, 4, -6 ],
            "shade": false,
            "rotation": { "angle": 22.5, "axis": "x", "origin": [9, 7.86667, 0.1] },
            "faces": {
                "north": { "uv": [ 0.375, 0.1875, 0.1875, 0.59375 ], "texture": "#main", "tintindex":0 },
                "east":  { "uv": [ 0.5625, 0.1875, 0.375, 0.59375 ], "texture": "#main", "tintindex":0 },
                "south": { "uv": [ 0.75, 0.1875, 0.5625, 0.59375 ], "texture": "#main", "tintindex":0 },
                "west":  { "uv": [ 0.1875, 0.1875, 0, 0.59375 ], "texture": "#main", "tintindex":0 },
                "up":    { "uv": [ 0.1875, 0.1875, 0.375, 0 ], "texture": "#main", "tintindex":0 },
                "down":  { "uv": [ 0.375, 0, 0.5625, 0.1875 ], "texture": "#main", "tintindex":0 }
            }
        },
        {
            "from": [ 17, -9, 14 ],
            "to":   [ 26, 10, 23 ],
            "shade": false,
            "rotation": { "angle": 22.5, "axis": "x", "origin": [9, 7.86667, 0.1] },
            "faces": {
                "north": { "uv": [ 0.5625, 0.875, 0.28125, 1.46875 ], "texture": "#main", "tintindex":0 },
                "east":  { "uv": [ 0.84375, 0.875, 0.5625, 1.46875 ], "texture": "#main", "tintindex":0 },
                "south": { "uv": [ 1.125, 0.875, 0.84375, 1.46875 ], "texture": "#main", "tintindex":0 },
                "west":  { "uv": [ 0.28125, 0.875, 0, 1.46875 ], "texture": "#main", "tintindex":0 },
                "up":    { "uv": [ 0.28125, 0.875, 0.5625, 0.59375 ], "texture": "#main", "tintindex":0 },
                "down":  { "uv": [ 0.5625, 0.59375, 0.84375, 0.875 ], "texture": "#main", "tintindex":0 }
            }
        },
        {
            "from": [ -7, 0, -16 ],
            "to":   [ 25, 23, 29 ],
            "rotation": { "angle": 22.5, "axis": "x", "origin": [9, 7.86667, 0.1] },
            "faces": {
                "north": { "uv": [ 9.40625, 1.46875, 10.40625, 2.1875 ], "texture": "#main", "tintindex":0 },
                "east":  { "uv": [ 8, 1.46875, 9.40625, 2.1875 ], "texture": "#main", "tintindex":0 },
                "south": { "uv": [ 11.8125, 1.46875, 12.8125, 2.1875 ], "texture": "#main", "tintindex":0 },
                "west":  { "uv": [ 10.40625, 1.46875, 11.8125, 2.1875 ], "texture": "#main", "tintindex":0 },
                "up":    { "uv": [ 10.40625, 1.46875, 9.40625, 0.0625 ], "texture": "#main", "tintindex":0 },
                "down":  { "uv": [ 11.40625, 0.0625, 10.40625, 1.46875 ], "texture": "#main", "tintindex":0 }
            }
        },
        {
            "from": [ 1, 0.0626, -0.95241 ],
            "to":   [ 17, 14.0626, 21.04759 ],
            "rotation": { "angle": 22.5, "axis": "x", "origin": [9, -70.13333, 0.1] },
            "faces": {
                "north": { "uv": [ 8.6875, 2.875, 9.1875, 3.3125 ], "texture": "#main", "tintindex":0 },
                "east":  { "uv": [ 8, 2.875, 8.6875, 3.3125 ], "texture": "#main", "tintindex":0 },
                "south": { "uv": [ 9.875, 2.875, 10.375, 3.3125 ], "texture": "#main", "tintindex":0 },
                "west":  { "uv": [ 9.1875, 2.875, 9.875, 3.3125 ], "texture": "#main", "tintindex":0 },
                "up":    { "uv": [ 9.1875, 2.875, 8.6875, 2.1875 ], "texture": "#main", "tintindex":0 },
                "down":  { "uv": [ 9.6875, 2.1875, 9.1875, 2.875 ], "texture": "#main", "tintindex":0 }
            }
        },
        {
            "from": [ 5, -0.94893, -0.34993 ],
            "to":   [ 13, 3.05107, 18.65007 ],
            "rotation": { "angle": 22.5, "axis": "x", "origin": [5, -126.4254, 1.99858] },
            "faces": {
                "north": { "uv": [ 10.96875, 2.78125, 11.21875, 2.90625 ], "texture": "#main", "tintindex":0 },
                "east":  { "uv": [ 10.375, 2.78125, 10.96875, 2.90625 ], "texture": "#main", "tintindex":0 },
                "south": { "uv": [ 11.8125, 2.78125, 12.0625, 2.90625 ], "texture": "#main", "tintindex":0 },
                "west":  { "uv": [ 11.21875, 2.78125, 11.8125, 2.90625 ], "texture": "#main", "tintindex":0 },
                "up":    { "uv": [ 11.21875, 2.78125, 10.96875, 2.1875 ], "texture": "#main", "tintindex":0 },
                "down":  { "uv": [ 11.46875, 2.1875, 11.21875, 2.78125 ], "texture": "#main", "tintindex":0 }
            }
        },
        {
            "from": [ 4, -4.9424, -2.00462 ],
            "to":   [ 14, 1.0576, 9.99538 ],
            "rotation": { "angle": 22.5, "axis": "x", "origin": [10, -179.84121, -0.80416] },
            "faces": {
                "north": { "uv": [ 11.78125, 0.375, 12.09375, 0.5625 ], "texture": "#main", "tintindex":0 },
                "east":  { "uv": [ 11.40625, 0.375, 11.78125, 0.5625 ], "texture": "#main", "tintindex":0 },
                "south": { "uv": [ 12.46875, 0.375, 12.78125, 0.5625 ], "texture": "#main", "tintindex":0 },
                "west":  { "uv": [ 12.09375, 0.375, 12.46875, 0.5625 ], "texture": "#main", "tintindex":0 },
                "up":    { "uv": [ 12.09375, 0.375, 11.78125, 0 ], "texture": "#main", "tintindex":0 },
                "down":  { "uv": [ 12.40625, 0, 12.09375, 0.375 ], "texture": "#main", "tintindex":0 }
            }
        },
        {
            "from": [ 4, 9.95826, -12.10046 ],
            "to":   [ 14, 18.95826, -2.10046 ],
            "rotation": { "angle": 22.5, "axis": "x", "origin": [9, 59.86667, 0.1] },
            "faces": {
                "north": { "uv": [ 10, 2.5, 10.3125, 2.78125 ], "texture": "#main", "tintindex":0 },
                "east":  { "uv": [ 9.6875, 2.5, 10, 2.78125 ], "texture": "#main", "tintindex":0 },
                "south": { "uv": [ 10.625, 2.5, 10.9375, 2.78125 ], "texture": "#main", "tintindex":0 },
                "west":  { "uv": [ 10.3125, 2.5, 10.625, 2.78125 ], "texture": "#main", "tintindex":0 },
                "up":    { "uv": [ 10.3125, 2.5, 10, 2.1875 ], "texture": "#main", "tintindex":0 },
                "down":  { "uv": [ 10.625, 2.1875, 10.3125, 2.5 ], "texture": "#main", "tintindex":0 }
            }
        },
        {
            "from": [ 1, 8.27318, -5.54461 ],
            "to":   [ 17, 19.27318, 0.45539 ],
            "rotation": { "angle": 22.5, "axis": "x", "origin": [9, 50.86667, 0.1] },
            "faces": {
                "north": { "uv": [ 11.59375, 0.75, 12.09375, 1.09375 ], "texture": "#main", "tintindex":0 },
                "east":  { "uv": [ 11.40625, 0.75, 11.59375, 1.09375 ], "texture": "#main", "tintindex":0 },
                "south": { "uv": [ 12.28125, 0.75, 12.78125, 1.09375 ], "texture": "#main", "tintindex":0 },
                "west":  { "uv": [ 12.09375, 0.75, 12.28125, 1.09375 ], "texture": "#main", "tintindex":0 },
                "up":    { "uv": [ 12.09375, 0.75, 11.59375, 0.5625 ], "texture": "#main", "tintindex":0 },
                "down":  { "uv": [ 12.59375, 0.5625, 12.09375, 0.75 ], "texture": "#main", "tintindex":0 }
            }
        },
        {
            "from": [ 5, 14.98222, 4.15665 ],
            "to":   [ 13, 23.98222, 13.15665 ],
            "rotation": { "angle": 22.5, "axis": "x", "origin": [9, 125.86667, 0.1] },
            "faces": {
                "north": { "uv": [ 13.0625, 0.28125, 13.3125, 0.5625 ], "texture": "#main", "tintindex":0 },
                "east":  { "uv": [ 12.78125, 0.28125, 13.0625, 0.5625 ], "texture": "#main", "tintindex":0 },
                "south": { "uv": [ 13.59375, 0.28125, 13.84375, 0.5625 ], "texture": "#main", "tintindex":0 },
                "west":  { "uv": [ 13.3125, 0.28125, 13.59375, 0.5625 ], "texture": "#main", "tintindex":0 },
                "up":    { "uv": [ 13.3125, 0.28125, 13.0625, 0 ], "texture": "#main", "tintindex":0 },
                "down":  { "uv": [ 13.5625, 0, 13.3125, 0.28125 ], "texture": "#main", "tintindex":0 }
            }
        },
        {
            "from": [ 3, 19.318, -1.23728 ],
            "to":   [ 6, 22.318, 1.76272 ],
            "shade": false,
            "rotation": { "angle": 22.5, "axis": "x", "origin": [9, 90.86667, 0.1] },
            "faces": {
                "north": { "uv": [ 9, 0.09375, 8.90625, 0.1875 ], "texture": "#main", "tintindex":0 },
                "east":  { "uv": [ 9.09375, 0.09375, 9, 0.1875 ], "texture": "#main", "tintindex":0 },
                "south": { "uv": [ 9.1875, 0.09375, 9.09375, 0.1875 ], "texture": "#main", "tintindex":0 },
                "west":  { "uv": [ 8.90625, 0.09375, 8.8125, 0.1875 ], "texture": "#main", "tintindex":0 },
                "up":    { "uv": [ 8.90625, 0.09375, 9, 0 ], "texture": "#main", "tintindex":0 },
                "down":  { "uv": [ 9, 0, 9.09375, 0.09375 ], "texture": "#main", "tintindex":0 }
            }
        },
        {
            "from": [ 3, 11.318, -1.23728 ],
            "to":   [ 6, 14.318, 1.76272 ],
            "shade": false,
            "rotation": { "angle": 22.5, "axis": "x", "origin": [9, 90.86667, 0.1] },
            "faces": {
                "north": { "uv": [ 9, 0.09375, 8.90625, 0.1875 ], "texture": "#main", "tintindex":0 },
                "east":  { "uv": [ 9.09375, 0.09375, 9, 0.1875 ], "texture": "#main", "tintindex":0 },
                "south": { "uv": [ 9.1875, 0.09375, 9.09375, 0.1875 ], "texture": "#main", "tintindex":0 },
                "west":  { "uv": [ 8.90625, 0.09375, 8.8125, 0.1875 ], "texture": "#main", "tintindex":0 },
                "up":    { "uv": [ 8.90625, 0.09375, 9, 0 ], "texture": "#main", "tintindex":0 },
                "down":  { "uv": [ 9, 0, 9.09375, 0.09375 ], "texture": "#main", "tintindex":0 }
            }
        },
        {
            "from": [ 12, 11.318, -1.23728 ],
            "to":   [ 15, 14.318, 1.76272 ],
            "rotation": { "angle": 22.5, "axis": "x", "origin": [9, 90.86667, 0.1] },
            "faces": {
                "north": { "uv": [ 8.90625, 0.09375, 9, 0.1875 ], "texture": "#main", "tintindex":0 },
                "east":  { "uv": [ 8.8125, 0.09375, 8.90625, 0.1875 ], "texture": "#main", "tintindex":0 },
                "south": { "uv": [ 9.09375, 0.09375, 9.1875, 0.1875 ], "texture": "#main", "tintindex":0 },
                "west":  { "uv": [ 9, 0.09375, 9.09375, 0.1875 ], "texture": "#main", "tintindex":0 },
                "up":    { "uv": [ 9, 0.09375, 8.90625, 0 ], "texture": "#main", "tintindex":0 },
                "down":  { "uv": [ 9.09375, 0, 9, 0.09375 ], "texture": "#main", "tintindex":0 }
            }
        },
        {
            "from": [ 12, 19.318, -1.23728 ],
            "to":   [ 15, 22.318, 1.76272 ],
            "rotation": { "angle": 22.5, "axis": "x", "origin": [9, 90.86667, 0.1] },
            "faces": {
                "north": { "uv": [ 8.90625, 0.09375, 9, 0.1875 ], "texture": "#main", "tintindex":0 },
                "east":  { "uv": [ 8.8125, 0.09375, 8.90625, 0.1875 ], "texture": "#main", "tintindex":0 },
                "south": { "uv": [ 9.09375, 0.09375, 9.1875, 0.1875 ], "texture": "#main", "tintindex":0 },
                "west":  { "uv": [ 9, 0.09375, 9.09375, 0.1875 ], "texture": "#main", "tintindex":0 },
                "up":    { "uv": [ 9, 0.09375, 8.90625, 0 ], "texture": "#main", "tintindex":0 },
                "down":  { "uv": [ 9.09375, 0, 9, 0.09375 ], "texture": "#main", "tintindex":0 }
            }
        },
        {
            "from": [ -8, -16, 13.07011 ],
            "to":   [ 1, 3, 22.07011 ],
            "rotation": { "angle": 0, "axis": "x", "origin": [9, 2.01938, 17.28028] },
            "faces": {
                "north": { "uv": [ 8.28125, 0.875, 8.5625, 1.46875 ], "texture": "#main", "tintindex":0 },
                "east":  { "uv": [ 8, 0.875, 8.28125, 1.46875 ], "texture": "#main", "tintindex":0 },
                "south": { "uv": [ 8.84375, 0.875, 9.125, 1.46875 ], "texture": "#main", "tintindex":0 },
                "west":  { "uv": [ 8.5625, 0.875, 8.84375, 1.46875 ], "texture": "#main", "tintindex":0 },
                "up":    { "uv": [ 8.5625, 0.875, 8.28125, 0.59375 ], "texture": "#main", "tintindex":0 },
                "down":  { "uv": [ 8.84375, 0.59375, 8.5625, 0.875 ], "texture": "#main", "tintindex":0 }
            }
        },
        {
            "from": [ -8, -5.17317, -12.7612 ],
            "to":   [ -2, 7.82683, -6.7612 ],
            "rotation": { "angle": 45, "axis": "x", "origin": [9, 7.86667, -9.9] },
            "faces": {
                "north": { "uv": [ 8.1875, 0.1875, 8.375, 0.59375 ], "texture": "#main", "tintindex":0 },
                "east":  { "uv": [ 8, 0.1875, 8.1875, 0.59375 ], "texture": "#main", "tintindex":0 },
                "south": { "uv": [ 8.5625, 0.1875, 8.75, 0.59375 ], "texture": "#main", "tintindex":0 },
                "west":  { "uv": [ 8.375, 0.1875, 8.5625, 0.59375 ], "texture": "#main", "tintindex":0 },
                "up":    { "uv": [ 8.375, 0.1875, 8.1875, 0 ], "texture": "#main", "tintindex":0 },
                "down":  { "uv": [ 8.5625, 0, 8.375, 0.1875 ], "texture": "#main", "tintindex":0 }
            }
        },
        {
            "from": [ 20, -5.17317, -12.7612 ],
            "to":   [ 26, 7.82683, -6.7612 ],
            "shade": false,
            "rotation": { "angle": 0, "axis": "x", "origin": [9, 7.86667, -9.9] },
            "faces": {
                "north": { "uv": [ 8.375, 0.1875, 8.1875, 0.59375 ], "texture": "#main", "tintindex":0 },
                "east":  { "uv": [ 8.5625, 0.1875, 8.375, 0.59375 ], "texture": "#main", "tintindex":0 },
                "south": { "uv": [ 8.75, 0.1875, 8.5625, 0.59375 ], "texture": "#main", "tintindex":0 },
                "west":  { "uv": [ 8.1875, 0.1875, 8, 0.59375 ], "texture": "#main", "tintindex":0 },
                "up":    { "uv": [ 8.1875, 0.1875, 8.375, 0 ], "texture": "#main", "tintindex":0 },
                "down":  { "uv": [ 8.375, 0, 8.5625, 0.1875 ], "texture": "#main", "tintindex":0 }
            }
        },
        {
            "from": [ 17, -16, 13.07011 ],
            "to":   [ 26, 3, 22.07011 ],
            "shade": false,
            "rotation": { "angle": 45, "axis": "x", "origin": [9, 2.01938, 17.28028] },
            "faces": {
                "north": { "uv": [ 8.5625, 0.875, 8.28125, 1.46875 ], "texture": "#main", "tintindex":0 },
                "east":  { "uv": [ 8.84375, 0.875, 8.5625, 1.46875 ], "texture": "#main", "tintindex":0 },
                "south": { "uv": [ 9.125, 0.875, 8.84375, 1.46875 ], "texture": "#main", "tintindex":0 },
                "west":  { "uv": [ 8.28125, 0.875, 8, 1.46875 ], "texture": "#main", "tintindex":0 },
                "up":    { "uv": [ 8.28125, 0.875, 8.5625, 0.59375 ], "texture": "#main", "tintindex":0 },
                "down":  { "uv": [ 8.5625, 0.59375, 8.84375, 0.875 ], "texture": "#main", "tintindex":0 }
            }
        },
        {
            "from": [ -7, 0, -16 ],
            "to":   [ 25, 23, 29 ],
            "rotation": { "angle": 22.5, "axis": "x", "origin": [9, 7.86667, 0.1] },
            "faces": {
                "north": { "uv": [ 1.40625, 9.46875, 2.40625, 10.1875 ], "texture": "#main", "tintindex":0 },
                "east":  { "uv": [ 0, 9.46875, 1.40625, 10.1875 ], "texture": "#main", "tintindex":0 },
                "south": { "uv": [ 3.8125, 9.46875, 4.8125, 10.1875 ], "texture": "#main", "tintindex":0 },
                "west":  { "uv": [ 2.40625, 9.46875, 3.8125, 10.1875 ], "texture": "#main", "tintindex":0 },
                "up":    { "uv": [ 2.40625, 9.46875, 1.40625, 8.0625 ], "texture": "#main", "tintindex":0 },
                "down":  { "uv": [ 3.40625, 8.0625, 2.40625, 9.46875 ], "texture": "#main", "tintindex":0 }
            }
        },
        {
            "from": [ 1, 0.0626, -0.95241 ],
            "to":   [ 17, 14.0626, 21.04759 ],
            "rotation": { "angle": 22.5, "axis": "x", "origin": [9, -70.13333, 0.1] },
            "faces": {
                "north": { "uv": [ 0.6875, 10.875, 1.1875, 11.3125 ], "texture": "#main", "tintindex":0 },
                "east":  { "uv": [ 0, 10.875, 0.6875, 11.3125 ], "texture": "#main", "tintindex":0 },
                "south": { "uv": [ 1.875, 10.875, 2.375, 11.3125 ], "texture": "#main", "tintindex":0 },
                "west":  { "uv": [ 1.1875, 10.875, 1.875, 11.3125 ], "texture": "#main", "tintindex":0 },
                "up":    { "uv": [ 1.1875, 10.875, 0.6875, 10.1875 ], "texture": "#main", "tintindex":0 },
                "down":  { "uv": [ 1.6875, 10.1875, 1.1875, 10.875 ], "texture": "#main", "tintindex":0 }
            }
        },
        {
            "from": [ 5, -0.94893, -0.34993 ],
            "to":   [ 13, 3.05107, 18.65007 ],
            "rotation": { "angle": 22.5, "axis": "x", "origin": [5, -126.4254, 1.99858] },
            "faces": {
                "north": { "uv": [ 2.96875, 10.78125, 3.21875, 10.90625 ], "texture": "#main", "tintindex":0 },
                "east":  { "uv": [ 2.375, 10.78125, 2.96875, 10.90625 ], "texture": "#main", "tintindex":0 },
                "south": { "uv": [ 3.8125, 10.78125, 4.0625, 10.90625 ], "texture": "#main", "tintindex":0 },
                "west":  { "uv": [ 3.21875, 10.78125, 3.8125, 10.90625 ], "texture": "#main", "tintindex":0 },
                "up":    { "uv": [ 3.21875, 10.78125, 2.96875, 10.1875 ], "texture": "#main", "tintindex":0 },
                "down":  { "uv": [ 3.46875, 10.1875, 3.21875, 10.78125 ], "texture": "#main", "tintindex":0 }
            }
        },
        {
            "from": [ 4, -4.9424, -2.00462 ],
            "to":   [ 14, 1.0576, 9.99538 ],
            "rotation": { "angle": 22.5, "axis": "x", "origin": [10, -179.84121, -0.80416] },
            "faces": {
                "north": { "uv": [ 3.78125, 8.375, 4.09375, 8.5625 ], "texture": "#main", "tintindex":0 },
                "east":  { "uv": [ 3.40625, 8.375, 3.78125, 8.5625 ], "texture": "#main", "tintindex":0 },
                "south": { "uv": [ 4.46875, 8.375, 4.78125, 8.5625 ], "texture": "#main", "tintindex":0 },
                "west":  { "uv": [ 4.09375, 8.375, 4.46875, 8.5625 ], "texture": "#main", "tintindex":0 },
                "up":    { "uv": [ 4.09375, 8.375, 3.78125, 8 ], "texture": "#main", "tintindex":0 },
                "down":  { "uv": [ 4.40625, 8, 4.09375, 8.375 ], "texture": "#main", "tintindex":0 }
            }
        },
        {
            "from": [ 4, 9.95826, -12.10046 ],
            "to":   [ 14, 18.95826, -2.10046 ],
            "rotation": { "angle": 22.5, "axis": "x", "origin": [9, 59.86667, 0.1] },
            "faces": {
                "north": { "uv": [ 2, 10.5, 2.3125, 10.78125 ], "texture": "#main", "tintindex":0 },
                "east":  { "uv": [ 1.6875, 10.5, 2, 10.78125 ], "texture": "#main", "tintindex":0 },
                "south": { "uv": [ 2.625, 10.5, 2.9375, 10.78125 ], "texture": "#main", "tintindex":0 },
                "west":  { "uv": [ 2.3125, 10.5, 2.625, 10.78125 ], "texture": "#main", "tintindex":0 },
                "up":    { "uv": [ 2.3125, 10.5, 2, 10.1875 ], "texture": "#main", "tintindex":0 },
                "down":  { "uv": [ 2.625, 10.1875, 2.3125, 10.5 ], "texture": "#main", "tintindex":0 }
            }
        },
        {
            "from": [ 1, 8.27318, -5.54461 ],
            "to":   [ 17, 19.27318, 0.45539 ],
            "rotation": { "angle": 22.5, "axis": "x", "origin": [9, 50.86667, 0.1] },
            "faces": {
                "north": { "uv": [ 3.59375, 8.75, 4.09375, 9.09375 ], "texture": "#main", "tintindex":0 },
                "east":  { "uv": [ 3.40625, 8.75, 3.59375, 9.09375 ], "texture": "#main", "tintindex":0 },
                "south": { "uv": [ 4.28125, 8.75, 4.78125, 9.09375 ], "texture": "#main", "tintindex":0 },
                "west":  { "uv": [ 4.09375, 8.75, 4.28125, 9.09375 ], "texture": "#main", "tintindex":0 },
                "up":    { "uv": [ 4.09375, 8.75, 3.59375, 8.5625 ], "texture": "#main", "tintindex":0 },
                "down":  { "uv": [ 4.59375, 8.5625, 4.09375, 8.75 ], "texture": "#main", "tintindex":0 }
            }
        },
        {
            "from": [ 5, 14.98222, 4.15665 ],
            "to":   [ 13, 23.98222, 13.15665 ],
            "rotation": { "angle": 22.5, "axis": "x", "origin": [9, 125.86667, 0.1] },
            "faces": {
                "north": { "uv": [ 5.0625, 8.28125, 5.3125, 8.5625 ], "texture": "#main", "tintindex":0 },
                "east":  { "uv": [ 4.78125, 8.28125, 5.0625, 8.5625 ], "texture": "#main", "tintindex":0 },
                "south": { "uv": [ 5.59375, 8.28125, 5.84375, 8.5625 ], "texture": "#main", "tintindex":0 },
                "west":  { "uv": [ 5.3125, 8.28125, 5.59375, 8.5625 ], "texture": "#main", "tintindex":0 },
                "up":    { "uv": [ 5.3125, 8.28125, 5.0625, 8 ], "texture": "#main", "tintindex":0 },
                "down":  { "uv": [ 5.5625, 8, 5.3125, 8.28125 ], "texture": "#main", "tintindex":0 }
            }
        },
        {
            "from": [ 3, 19.318, -1.23728 ],
            "to":   [ 6, 22.318, 1.76272 ],
            "shade": false,
            "rotation": { "angle": 22.5, "axis": "x", "origin": [9, 90.86667, 0.1] },
            "faces": {
                "north": { "uv": [ 1, 8.09375, 0.90625, 8.1875 ], "texture": "#main", "tintindex":0 },
                "east":  { "uv": [ 1.09375, 8.09375, 1, 8.1875 ], "texture": "#main", "tintindex":0 },
                "south": { "uv": [ 1.1875, 8.09375, 1.09375, 8.1875 ], "texture": "#main", "tintindex":0 },
                "west":  { "uv": [ 0.90625, 8.09375, 0.8125, 8.1875 ], "texture": "#main", "tintindex":0 },
                "up":    { "uv": [ 0.90625, 8.09375, 1, 8 ], "texture": "#main", "tintindex":0 },
                "down":  { "uv": [ 1, 8, 1.09375, 8.09375 ], "texture": "#main", "tintindex":0 }
            }
        },
        {
            "from": [ 3, 11.318, -1.23728 ],
            "to":   [ 6, 14.318, 1.76272 ],
            "shade": false,
            "rotation": { "angle": 22.5, "axis": "x", "origin": [9, 90.86667, 0.1] },
            "faces": {
                "north": { "uv": [ 1, 8.09375, 0.90625, 8.1875 ], "texture": "#main", "tintindex":0 },
                "east":  { "uv": [ 1.09375, 8.09375, 1, 8.1875 ], "texture": "#main", "tintindex":0 },
                "south": { "uv": [ 1.1875, 8.09375, 1.09375, 8.1875 ], "texture": "#main", "tintindex":0 },
                "west":  { "uv": [ 0.90625, 8.09375, 0.8125, 8.1875 ], "texture": "#main", "tintindex":0 },
                "up":    { "uv": [ 0.90625, 8.09375, 1, 8 ], "texture": "#main", "tintindex":0 },
                "down":  { "uv": [ 1, 8, 1.09375, 8.09375 ], "texture": "#main", "tintindex":0 }
            }
        },
        {
            "from": [ 12, 11.318, -1.23728 ],
            "to":   [ 15, 14.318, 1.76272 ],
            "rotation": { "angle": 22.5, "axis": "x", "origin": [9, 90.86667, 0.1] },
            "faces": {
                "north": { "uv": [ 0.90625, 8.09375, 1, 8.1875 ], "texture": "#main", "tintindex":0 },
                "east":  { "uv": [ 0.8125, 8.09375, 0.90625, 8.1875 ], "texture": "#main", "tintindex":0 },
                "south": { "uv": [ 1.09375, 8.09375, 1.1875, 8.1875 ], "texture": "#main", "tintindex":0 },
                "west":  { "uv": [ 1, 8.09375, 1.09375, 8.1875 ], "texture": "#main", "tintindex":0 },
                "up":    { "uv": [ 1, 8.09375, 0.90625, 8 ], "texture": "#main", "tintindex":0 },
                "down":  { "uv": [ 1.09375, 8, 1, 8.09375 ], "texture": "#main", "tintindex":0 }
            }
        },
        {
            "from": [ 12, 19.318, -1.23728 ],
            "to":   [ 15, 22.318, 1.76272 ],
            "rotation": { "angle": 22.5, "axis": "x", "origin": [9, 90.86667, 0.1] },
            "faces": {
                "north": { "uv": [ 0.90625, 8.09375, 1, 8.1875 ], "texture": "#main", "tintindex":0 },
                "east":  { "uv": [ 0.8125, 8.09375, 0.90625, 8.1875 ], "texture": "#main", "tintindex":0 },
                "south": { "uv": [ 1.09375, 8.09375, 1.1875, 8.1875 ], "texture": "#main", "tintindex":0 },
                "west":  { "uv": [ 1, 8.09375, 1.09375, 8.1875 ], "texture": "#main", "tintindex":0 },
                "up":    { "uv": [ 1, 8.09375, 0.90625, 8 ], "texture": "#main", "tintindex":0 },
                "down":  { "uv": [ 1.09375, 8, 1, 8.09375 ], "texture": "#main", "tintindex":0 }
            }
        },
        {
            "from": [ -8, -16, 13.07011 ],
            "to":   [ 1, 3, 22.07011 ],
            "rotation": { "angle": 45, "axis": "x", "origin": [9, 2.01938, 17.28028] },
            "faces": {
                "north": { "uv": [ 0.28125, 8.875, 0.5625, 9.46875 ], "texture": "#main", "tintindex":0 },
                "east":  { "uv": [ 0, 8.875, 0.28125, 9.46875 ], "texture": "#main", "tintindex":0 },
                "south": { "uv": [ 0.84375, 8.875, 1.125, 9.46875 ], "texture": "#main", "tintindex":0 },
                "west":  { "uv": [ 0.5625, 8.875, 0.84375, 9.46875 ], "texture": "#main", "tintindex":0 },
                "up":    { "uv": [ 0.5625, 8.875, 0.28125, 8.59375 ], "texture": "#main", "tintindex":0 },
                "down":  { "uv": [ 0.84375, 8.59375, 0.5625, 8.875 ], "texture": "#main", "tintindex":0 }
            }
        },
        {
            "from": [ -8, -5.17317, -12.7612 ],
            "to":   [ -2, 7.82683, -6.7612 ],
            "rotation": { "angle": 0, "axis": "x", "origin": [9, 7.86667, -9.9] },
            "faces": {
                "north": { "uv": [ 0.1875, 8.1875, 0.375, 8.59375 ], "texture": "#main", "tintindex":0 },
                "east":  { "uv": [ 0, 8.1875, 0.1875, 8.59375 ], "texture": "#main", "tintindex":0 },
                "south": { "uv": [ 0.5625, 8.1875, 0.75, 8.59375 ], "texture": "#main", "tintindex":0 },
                "west":  { "uv": [ 0.375, 8.1875, 0.5625, 8.59375 ], "texture": "#main", "tintindex":0 },
                "up":    { "uv": [ 0.375, 8.1875, 0.1875, 8 ], "texture": "#main", "tintindex":0 },
                "down":  { "uv": [ 0.5625, 8, 0.375, 8.1875 ], "texture": "#main", "tintindex":0 }
            }
        },
        {
            "from": [ 20, -5.17317, -12.7612 ],
            "to":   [ 26, 7.82683, -6.7612 ],
            "shade": false,
            "rotation": { "angle": 45, "axis": "x", "origin": [9, 7.86667, -9.9] },
            "faces": {
                "north": { "uv": [ 0.375, 8.1875, 0.1875, 8.59375 ], "texture": "#main", "tintindex":0 },
                "east":  { "uv": [ 0.5625, 8.1875, 0.375, 8.59375 ], "texture": "#main", "tintindex":0 },
                "south": { "uv": [ 0.75, 8.1875, 0.5625, 8.59375 ], "texture": "#main", "tintindex":0 },
                "west":  { "uv": [ 0.1875, 8.1875, 0, 8.59375 ], "texture": "#main", "tintindex":0 },
                "up":    { "uv": [ 0.1875, 8.1875, 0.375, 8 ], "texture": "#main", "tintindex":0 },
                "down":  { "uv": [ 0.375, 8, 0.5625, 8.1875 ], "texture": "#main", "tintindex":0 }
            }
        },
        {
            "from": [ 17, -16, 13.07011 ],
            "to":   [ 26, 3, 22.07011 ],
            "shade": false,
            "rotation": { "angle": 0, "axis": "x", "origin": [9, 2.01938, 17.28028] },
            "faces": {
                "north": { "uv": [ 0.5625, 8.875, 0.28125, 9.46875 ], "texture": "#main", "tintindex":0 },
                "east":  { "uv": [ 0.84375, 8.875, 0.5625, 9.46875 ], "texture": "#main", "tintindex":0 },
                "south": { "uv": [ 1.125, 8.875, 0.84375, 9.46875 ], "texture": "#main", "tintindex":0 },
                "west":  { "uv": [ 0.28125, 8.875, 0, 9.46875 ], "texture": "#main", "tintindex":0 },
                "up":    { "uv": [ 0.28125, 8.875, 0.5625, 8.59375 ], "texture": "#main", "tintindex":0 },
                "down":  { "uv": [ 0.5625, 8.59375, 0.84375, 8.875 ], "texture": "#main", "tintindex":0 }
            }
        }
    ],
    "display": {
        "ground": {
            "rotation": [ -157.5, 0, -180 ],
            "translation": [ 0, 2.5, 0 ],
            "scale": [ 1, 1, 1 ]
        },
        "fixed": {
            "rotation": [ -67, 0, 0 ],
            "translation": [ 0, -0.5, -79 ],
            "scale": [ 4, 4, 4 ]
        }
    },
    "groups": [
        {
            "name": "Entire",
            "origin": [
                0,
                0,
                0
            ],
            "color": 0,
            "children": [
                {
                    "name": "Body",
                    "origin": [
                        0,
                        0,
                        0
                    ],
                    "color": 0,
                    "children": [
                        0,
                        1,
                        2,
                        3
                    ]
                },
                {
                    "name": "Head",
                    "origin": [
                        0,
                        0,
                        0
                    ],
                    "color": 0,
                    "children": [
                        4,
                        5,
                        6,
                        7,
                        8,
                        9,
                        10
                    ]
                },
                {
                    "name": "Limbs",
                    "origin": [
                        0,
                        0,
                        0
                    ],
                    "color": 0,
                    "children": [
                        11,
                        12,
                        13,
                        14
                    ]
                }
            ]
        }
    ],
    "__comment": "Model animated using Fizzy's model animator - http://fizzy81.github.io/animated-models/"
}
