{
    "texture_size": [
        256,
        256
    ],
    "textures": {
        "main": "dnd:entity/baby/acrocanthosaurus_walking"
    },
    "elements": [
        {
            "from": [ 5.24834, 1.10938, -1.91427 ],
            "to":   [ 10.74834, 8.10938, 12.58574 ],
            "rotation": { "angle": 22.5, "axis": "x", "origin": [8, 3.69223, 5.82845] },
            "faces": {
                "north": { "uv": [ 1.8125, 1.8125, 2.5, 2.6875 ], "texture": "#main", "tintindex":0 },
                "east":  { "uv": [ 0, 1.8125, 1.8125, 2.6875 ], "texture": "#main", "tintindex":0 },
                "south": { "uv": [ 4.3125, 1.8125, 5, 2.6875 ], "texture": "#main", "tintindex":0 },
                "west":  { "uv": [ 2.5, 1.8125, 4.3125, 2.6875 ], "texture": "#main", "tintindex":0 },
                "up":    { "uv": [ 2.5, 1.8125, 1.8125, 0 ], "texture": "#main", "tintindex":0 },
                "down":  { "uv": [ 3.1875, 0, 2.5, 1.8125 ], "texture": "#main", "tintindex":0 }
            }
        },
        {
            "from": [ 7.88096, 7.10938, -0.66426 ],
            "to":   [ 8.13096, 8.60938, 13.08574 ],
            "rotation": { "angle": 22.5, "axis": "x", "origin": [8, 3.69223, 5.82845] },
            "faces": {
                "north": { "uv": [ 5.46875, 3.4375, 5.5, 3.625 ], "texture": "#main", "tintindex":0 },
                "east":  { "uv": [ 3.75, 3.4375, 5.46875, 3.625 ], "texture": "#main", "tintindex":0 },
                "south": { "uv": [ 7.21875, 3.4375, 7.25, 3.625 ], "texture": "#main", "tintindex":0 },
                "west":  { "uv": [ 5.5, 3.4375, 7.21875, 3.625 ], "texture": "#main", "tintindex":0 },
                "up":    { "uv": [ 5.5, 3.4375, 5.46875, 1.71875 ], "texture": "#main", "tintindex":0 },
                "down":  { "uv": [ 5.53125, 1.71875, 5.5, 3.4375 ], "texture": "#main", "tintindex":0 }
            }
        },
        {
            "from": [ 5.99616, 1.78848, 9.71561 ],
            "to":   [ 9.99616, 6.53848, 18.71561 ],
            "rotation": { "angle": 22.5, "axis": "x", "origin": [8, -3.80777, 5.82845] },
            "faces": {
                "north": { "uv": [ 4.3125, 1.125, 4.8125, 1.71875 ], "texture": "#main", "tintindex":0 },
                "east":  { "uv": [ 3.1875, 1.125, 4.3125, 1.71875 ], "texture": "#main", "tintindex":0 },
                "south": { "uv": [ 5.9375, 1.125, 6.4375, 1.71875 ], "texture": "#main", "tintindex":0 },
                "west":  { "uv": [ 4.8125, 1.125, 5.9375, 1.71875 ], "texture": "#main", "tintindex":0 },
                "up":    { "uv": [ 4.8125, 1.125, 4.3125, 0 ], "texture": "#main", "tintindex":0 },
                "down":  { "uv": [ 5.3125, 0, 4.8125, 1.125 ], "texture": "#main", "tintindex":0 }
            }
        },
        {
            "from": [ 7.88096, 5.78848, 10.21561 ],
            "to":   [ 8.13096, 7.03848, 19.21561 ],
            "rotation": { "angle": 22.5, "axis": "x", "origin": [8, -3.80777, 5.82845] },
            "faces": {
                "north": { "uv": [ 3.9375, 4.78125, 3.96875, 4.9375 ], "texture": "#main", "tintindex":0 },
                "east":  { "uv": [ 2.8125, 4.78125, 3.9375, 4.9375 ], "texture": "#main", "tintindex":0 },
                "south": { "uv": [ 5.09375, 4.78125, 5.125, 4.9375 ], "texture": "#main", "tintindex":0 },
                "west":  { "uv": [ 3.96875, 4.78125, 5.09375, 4.9375 ], "texture": "#main", "tintindex":0 },
                "up":    { "uv": [ 3.96875, 4.78125, 3.9375, 3.65625 ], "texture": "#main", "tintindex":0 },
                "down":  { "uv": [ 4, 3.65625, 3.96875, 4.78125 ], "texture": "#main", "tintindex":0 }
            }
        },
        {
            "from": [ 6.99616, -0.23086, 4.52283 ],
            "to":   [ 8.99616, 3.01914, 18.02283 ],
            "rotation": { "angle": 22.5, "axis": "x", "origin": [8, -40.80777, 5.82845] },
            "faces": {
                "north": { "uv": [ 1.6875, 4.375, 1.9375, 4.78125 ], "texture": "#main", "tintindex":0 },
                "east":  { "uv": [ 0, 4.375, 1.6875, 4.78125 ], "texture": "#main", "tintindex":0 },
                "south": { "uv": [ 3.625, 4.375, 3.875, 4.78125 ], "texture": "#main", "tintindex":0 },
                "west":  { "uv": [ 1.9375, 4.375, 3.625, 4.78125 ], "texture": "#main", "tintindex":0 },
                "up":    { "uv": [ 1.9375, 4.375, 1.6875, 2.6875 ], "texture": "#main", "tintindex":0 },
                "down":  { "uv": [ 2.1875, 2.6875, 1.9375, 4.375 ], "texture": "#main", "tintindex":0 }
            }
        },
        {
            "from": [ 7.875, 3.01914, 5.02283 ],
            "to":   [ 8.125, 3.51914, 18.02283 ],
            "rotation": { "angle": 22.5, "axis": "x", "origin": [8, -40.80777, 5.82845] },
            "faces": {
                "north": { "uv": [ 5.125, 5.25, 5.15625, 5.3125 ], "texture": "#main", "tintindex":0 },
                "east":  { "uv": [ 3.5, 5.25, 5.125, 5.3125 ], "texture": "#main", "tintindex":0 },
                "south": { "uv": [ 6.78125, 5.25, 6.8125, 5.3125 ], "texture": "#main", "tintindex":0 },
                "west":  { "uv": [ 5.15625, 5.25, 6.78125, 5.3125 ], "texture": "#main", "tintindex":0 },
                "up":    { "uv": [ 5.15625, 5.25, 5.125, 3.625 ], "texture": "#main", "tintindex":0 },
                "down":  { "uv": [ 5.1875, 3.625, 5.15625, 5.25 ], "texture": "#main", "tintindex":0 }
            }
        },
        {
            "from": [ 6.74616, 4.30567, 2.60672 ],
            "to":   [ 9.24616, 10.30566, 6.10672 ],
            "rotation": { "angle": 22.5, "axis": "x", "origin": [8, 22.69223, 5.82845] },
            "faces": {
                "north": { "uv": [ 0.4375, 3.125, 0.75, 3.875 ], "texture": "#main", "tintindex":0 },
                "east":  { "uv": [ 0, 3.125, 0.4375, 3.875 ], "texture": "#main", "tintindex":0 },
                "south": { "uv": [ 1.1875, 3.125, 1.5, 3.875 ], "texture": "#main", "tintindex":0 },
                "west":  { "uv": [ 0.75, 3.125, 1.1875, 3.875 ], "texture": "#main", "tintindex":0 },
                "up":    { "uv": [ 0.75, 3.125, 0.4375, 2.6875 ], "texture": "#main", "tintindex":0 },
                "down":  { "uv": [ 1.0625, 2.6875, 0.75, 3.125 ], "texture": "#main", "tintindex":0 }
            }
        },
        {
            "from": [ 5.44347, 8.34088, 6.64392 ],
            "to":   [ 10.54347, 14.29088, 11.31892 ],
            "rotation": { "angle": 22.5, "axis": "x", "origin": [8, 38.57678, 4.30836] },
            "faces": {
                "north": { "uv": [ 2.65625, 3.03125, 3.03125, 3.46875 ], "texture": "#main", "tintindex":0 },
                "east":  { "uv": [ 2.3125, 3.03125, 2.65625, 3.46875 ], "texture": "#main", "tintindex":0 },
                "south": { "uv": [ 3.375, 3.03125, 3.75, 3.46875 ], "texture": "#main", "tintindex":0 },
                "west":  { "uv": [ 3.03125, 3.03125, 3.375, 3.46875 ], "texture": "#main", "tintindex":0 },
                "up":    { "uv": [ 3.03125, 3.03125, 2.65625, 2.6875 ], "texture": "#main", "tintindex":0 },
                "down":  { "uv": [ 3.40625, 2.6875, 3.03125, 3.03125 ], "texture": "#main", "tintindex":0 }
            }
        },
        {
            "from": [ 5.8768, 9.61588, 0.69392 ],
            "to":   [ 10.1268, 14.29088, 6.64392 ],
            "rotation": { "angle": 22.5, "axis": "x", "origin": [8, 38.57678, 4.30836] },
            "faces": {
                "north": { "uv": [ 2.75, 3.90625, 3.0625, 4.25 ], "texture": "#main", "tintindex":0 },
                "east":  { "uv": [ 2.3125, 3.90625, 2.75, 4.25 ], "texture": "#main", "tintindex":0 },
                "south": { "uv": [ 3.5, 3.90625, 3.8125, 4.25 ], "texture": "#main", "tintindex":0 },
                "west":  { "uv": [ 3.0625, 3.90625, 3.5, 4.25 ], "texture": "#main", "tintindex":0 },
                "up":    { "uv": [ 3.0625, 3.90625, 2.75, 3.46875 ], "texture": "#main", "tintindex":0 },
                "down":  { "uv": [ 3.375, 3.46875, 3.0625, 3.90625 ], "texture": "#main", "tintindex":0 }
            }
        },
        {
            "from": [ 7.88096, 9.55566, 2.60672 ],
            "to":   [ 8.13096, 10.80567, 6.60672 ],
            "rotation": { "angle": 22.5, "axis": "x", "origin": [8, 22.69223, 5.82845] },
            "faces": {
                "north": { "uv": [ 3.71875, 0.5, 3.75, 0.65625 ], "texture": "#main", "tintindex":0 },
                "east":  { "uv": [ 3.21875, 0.5, 3.71875, 0.65625 ], "texture": "#main", "tintindex":0 },
                "south": { "uv": [ 4.25, 0.5, 4.28125, 0.65625 ], "texture": "#main", "tintindex":0 },
                "west":  { "uv": [ 3.75, 0.5, 4.25, 0.65625 ], "texture": "#main", "tintindex":0 },
                "up":    { "uv": [ 3.75, 0.5, 3.71875, 0 ], "texture": "#main", "tintindex":0 },
                "down":  { "uv": [ 3.78125, 0, 3.75, 0.5 ], "texture": "#main", "tintindex":0 }
            }
        },
        {
            "from": [ 4.49834, -0.89062, 5.34021 ],
            "to":   [ 7.24834, 5.35938, 10.34021 ],
            "rotation": { "angle": 22.5, "axis": "x", "origin": [8, 3.69223, 5.82845] },
            "faces": {
                "north": { "uv": [ 0.625, 5.40625, 0.96875, 6.1875 ], "texture": "#main", "tintindex":0 },
                "east":  { "uv": [ 0, 5.40625, 0.625, 6.1875 ], "texture": "#main", "tintindex":0 },
                "south": { "uv": [ 1.59375, 5.40625, 1.9375, 6.1875 ], "texture": "#main", "tintindex":0 },
                "west":  { "uv": [ 0.96875, 5.40625, 1.59375, 6.1875 ], "texture": "#main", "tintindex":0 },
                "up":    { "uv": [ 0.96875, 5.40625, 0.625, 4.78125 ], "texture": "#main", "tintindex":0 },
                "down":  { "uv": [ 1.3125, 4.78125, 0.96875, 5.40625 ], "texture": "#main", "tintindex":0 }
            }
        },
        {
            "from": [ 8.75379, -0.89062, 5.34021 ],
            "to":   [ 11.50379, 5.35938, 10.34021 ],
            "shade": false,
            "rotation": { "angle": 22.5, "axis": "x", "origin": [8, 3.69223, 5.82845] },
            "faces": {
                "north": { "uv": [ 0.96875, 5.40625, 0.625, 6.1875 ], "texture": "#main", "tintindex":0 },
                "east":  { "uv": [ 1.59375, 5.40625, 0.96875, 6.1875 ], "texture": "#main", "tintindex":0 },
                "south": { "uv": [ 1.9375, 5.40625, 1.59375, 6.1875 ], "texture": "#main", "tintindex":0 },
                "west":  { "uv": [ 0.625, 5.40625, 0, 6.1875 ], "texture": "#main", "tintindex":0 },
                "up":    { "uv": [ 0.625, 5.40625, 0.96875, 4.78125 ], "texture": "#main", "tintindex":0 },
                "down":  { "uv": [ 0.96875, 4.78125, 1.3125, 5.40625 ], "texture": "#main", "tintindex":0 }
            }
        },
        {
            "from": [ 4.99834, -5.39135, 8.84021 ],
            "to":   [ 6.74834, 3.85865, 10.84021 ],
            "rotation": { "angle": 22.5, "axis": "x", "origin": [8, 3.69223, 5.82845] },
            "faces": {
                "north": { "uv": [ 0.25, 0.25, 0.46875, 1.40625 ], "texture": "#main", "tintindex":0 },
                "east":  { "uv": [ 0, 0.25, 0.25, 1.40625 ], "texture": "#main", "tintindex":0 },
                "south": { "uv": [ 0.71875, 0.25, 0.9375, 1.40625 ], "texture": "#main", "tintindex":0 },
                "west":  { "uv": [ 0.46875, 0.25, 0.71875, 1.40625 ], "texture": "#main", "tintindex":0 },
                "up":    { "uv": [ 0.46875, 0.25, 0.25, 0 ], "texture": "#main", "tintindex":0 },
                "down":  { "uv": [ 0.6875, 0, 0.46875, 0.25 ], "texture": "#main", "tintindex":0 }
            }
        },
        {
            "from": [ 9.24834, -5.39135, 8.84021 ],
            "to":   [ 10.99834, 3.85865, 10.84021 ],
            "shade": false,
            "rotation": { "angle": 22.5, "axis": "x", "origin": [8, 3.69223, 5.82845] },
            "faces": {
                "north": { "uv": [ 0.46875, 0.25, 0.25, 1.40625 ], "texture": "#main", "tintindex":0 },
                "east":  { "uv": [ 0.71875, 0.25, 0.46875, 1.40625 ], "texture": "#main", "tintindex":0 },
                "south": { "uv": [ 0.9375, 0.25, 0.71875, 1.40625 ], "texture": "#main", "tintindex":0 },
                "west":  { "uv": [ 0.25, 0.25, 0, 1.40625 ], "texture": "#main", "tintindex":0 },
                "up":    { "uv": [ 0.25, 0.25, 0.46875, 0 ], "texture": "#main", "tintindex":0 },
                "down":  { "uv": [ 0.46875, 0, 0.6875, 0.25 ], "texture": "#main", "tintindex":0 }
            }
        },
        {
            "from": [ 4.99834, -5.39135, 7.09021 ],
            "to":   [ 6.74834, -4.39135, 8.84021 ],
            "rotation": { "angle": 22.5, "axis": "x", "origin": [8, 3.69223, 5.82845] },
            "faces": {
                "north": { "uv": [ 0.21875, 1.6875, 0.4375, 1.8125 ], "texture": "#main", "tintindex":0 },
                "east":  { "uv": [ 0, 1.6875, 0.21875, 1.8125 ], "texture": "#main", "tintindex":0 },
                "south": { "uv": [ 0.65625, 1.6875, 0.875, 1.8125 ], "texture": "#main", "tintindex":0 },
                "west":  { "uv": [ 0.4375, 1.6875, 0.65625, 1.8125 ], "texture": "#main", "tintindex":0 },
                "up":    { "uv": [ 0.4375, 1.6875, 0.21875, 1.46875 ], "texture": "#main", "tintindex":0 },
                "down":  { "uv": [ 0.65625, 1.46875, 0.4375, 1.6875 ], "texture": "#main", "tintindex":0 }
            }
        },
        {
            "from": [ 9.24834, -5.39135, 7.09021 ],
            "to":   [ 10.99834, -4.39135, 8.84021 ],
            "shade": false,
            "rotation": { "angle": 22.5, "axis": "x", "origin": [8, 3.69223, 5.82845] },
            "faces": {
                "north": { "uv": [ 0.4375, 1.6875, 0.21875, 1.8125 ], "texture": "#main", "tintindex":0 },
                "east":  { "uv": [ 0.65625, 1.6875, 0.4375, 1.8125 ], "texture": "#main", "tintindex":0 },
                "south": { "uv": [ 0.875, 1.6875, 0.65625, 1.8125 ], "texture": "#main", "tintindex":0 },
                "west":  { "uv": [ 0.21875, 1.6875, 0, 1.8125 ], "texture": "#main", "tintindex":0 },
                "up":    { "uv": [ 0.21875, 1.6875, 0.4375, 1.46875 ], "texture": "#main", "tintindex":0 },
                "down":  { "uv": [ 0.4375, 1.46875, 0.65625, 1.6875 ], "texture": "#main", "tintindex":0 }
            }
        },
        {
            "from": [ 4.99834, -1.64062, 0.0902 ],
            "to":   [ 6.24834, 2.35938, 1.3402 ],
            "rotation": { "angle": 22.5, "axis": "x", "origin": [8, 3.69223, 5.82845] },
            "faces": {
                "north": { "uv": [ 1.09375, 0.15625, 1.25, 0.65625 ], "texture": "#main", "tintindex":0 },
                "east":  { "uv": [ 0.9375, 0.15625, 1.09375, 0.65625 ], "texture": "#main", "tintindex":0 },
                "south": { "uv": [ 1.40625, 0.15625, 1.5625, 0.65625 ], "texture": "#main", "tintindex":0 },
                "west":  { "uv": [ 1.25, 0.15625, 1.40625, 0.65625 ], "texture": "#main", "tintindex":0 },
                "up":    { "uv": [ 1.25, 0.15625, 1.09375, 0 ], "texture": "#main", "tintindex":0 },
                "down":  { "uv": [ 1.40625, 0, 1.25, 0.15625 ], "texture": "#main", "tintindex":0 }
            }
        },
        {
            "from": [ 9.74834, -1.64062, 0.0902 ],
            "to":   [ 10.99834, 2.35938, 1.3402 ],
            "shade": false,
            "rotation": { "angle": 22.5, "axis": "x", "origin": [8, 3.69223, 5.82845] },
            "faces": {
                "north": { "uv": [ 1.25, 0.15625, 1.09375, 0.65625 ], "texture": "#main", "tintindex":0 },
                "east":  { "uv": [ 1.40625, 0.15625, 1.25, 0.65625 ], "texture": "#main", "tintindex":0 },
                "south": { "uv": [ 1.5625, 0.15625, 1.40625, 0.65625 ], "texture": "#main", "tintindex":0 },
                "west":  { "uv": [ 1.09375, 0.15625, 0.9375, 0.65625 ], "texture": "#main", "tintindex":0 },
                "up":    { "uv": [ 1.09375, 0.15625, 1.25, 0 ], "texture": "#main", "tintindex":0 },
                "down":  { "uv": [ 1.25, 0, 1.40625, 0.15625 ], "texture": "#main", "tintindex":0 }
            }
        },
        {
            "from": [ 5.24834, 1.10938, -1.91427 ],
            "to":   [ 10.74834, 8.10938, 12.58574 ],
            "rotation": { "angle": 22.5, "axis": "x", "origin": [8, 3.69223, 5.82845] },
            "faces": {
                "north": { "uv": [ 9.8125, 1.8125, 10.5, 2.6875 ], "texture": "#main", "tintindex":0 },
                "east":  { "uv": [ 8, 1.8125, 9.8125, 2.6875 ], "texture": "#main", "tintindex":0 },
                "south": { "uv": [ 12.3125, 1.8125, 13, 2.6875 ], "texture": "#main", "tintindex":0 },
                "west":  { "uv": [ 10.5, 1.8125, 12.3125, 2.6875 ], "texture": "#main", "tintindex":0 },
                "up":    { "uv": [ 10.5, 1.8125, 9.8125, 0 ], "texture": "#main", "tintindex":0 },
                "down":  { "uv": [ 11.1875, 0, 10.5, 1.8125 ], "texture": "#main", "tintindex":0 }
            }
        },
        {
            "from": [ 7.88096, 7.10938, -0.66426 ],
            "to":   [ 8.13096, 8.60938, 13.08574 ],
            "rotation": { "angle": 22.5, "axis": "x", "origin": [8, 3.69223, 5.82845] },
            "faces": {
                "north": { "uv": [ 13.46875, 3.4375, 13.5, 3.625 ], "texture": "#main", "tintindex":0 },
                "east":  { "uv": [ 11.75, 3.4375, 13.46875, 3.625 ], "texture": "#main", "tintindex":0 },
                "south": { "uv": [ 15.21875, 3.4375, 15.25, 3.625 ], "texture": "#main", "tintindex":0 },
                "west":  { "uv": [ 13.5, 3.4375, 15.21875, 3.625 ], "texture": "#main", "tintindex":0 },
                "up":    { "uv": [ 13.5, 3.4375, 13.46875, 1.71875 ], "texture": "#main", "tintindex":0 },
                "down":  { "uv": [ 13.53125, 1.71875, 13.5, 3.4375 ], "texture": "#main", "tintindex":0 }
            }
        },
        {
            "from": [ 5.99616, 1.78848, 9.71561 ],
            "to":   [ 9.99616, 6.53848, 18.71561 ],
            "rotation": { "angle": 22.5, "axis": "x", "origin": [8, -3.80777, 5.82845] },
            "faces": {
                "north": { "uv": [ 12.3125, 1.125, 12.8125, 1.71875 ], "texture": "#main", "tintindex":0 },
                "east":  { "uv": [ 11.1875, 1.125, 12.3125, 1.71875 ], "texture": "#main", "tintindex":0 },
                "south": { "uv": [ 13.9375, 1.125, 14.4375, 1.71875 ], "texture": "#main", "tintindex":0 },
                "west":  { "uv": [ 12.8125, 1.125, 13.9375, 1.71875 ], "texture": "#main", "tintindex":0 },
                "up":    { "uv": [ 12.8125, 1.125, 12.3125, 0 ], "texture": "#main", "tintindex":0 },
                "down":  { "uv": [ 13.3125, 0, 12.8125, 1.125 ], "texture": "#main", "tintindex":0 }
            }
        },
        {
            "from": [ 7.88096, 5.78848, 10.21561 ],
            "to":   [ 8.13096, 7.03848, 19.21561 ],
            "rotation": { "angle": 22.5, "axis": "x", "origin": [8, -3.80777, 5.82845] },
            "faces": {
                "north": { "uv": [ 11.9375, 4.78125, 11.96875, 4.9375 ], "texture": "#main", "tintindex":0 },
                "east":  { "uv": [ 10.8125, 4.78125, 11.9375, 4.9375 ], "texture": "#main", "tintindex":0 },
                "south": { "uv": [ 13.09375, 4.78125, 13.125, 4.9375 ], "texture": "#main", "tintindex":0 },
                "west":  { "uv": [ 11.96875, 4.78125, 13.09375, 4.9375 ], "texture": "#main", "tintindex":0 },
                "up":    { "uv": [ 11.96875, 4.78125, 11.9375, 3.65625 ], "texture": "#main", "tintindex":0 },
                "down":  { "uv": [ 12, 3.65625, 11.96875, 4.78125 ], "texture": "#main", "tintindex":0 }
            }
        },
        {
            "from": [ 6.99616, -0.23086, 4.52283 ],
            "to":   [ 8.99616, 3.01914, 18.02283 ],
            "rotation": { "angle": 22.5, "axis": "x", "origin": [8, -40.80777, 5.82845] },
            "faces": {
                "north": { "uv": [ 9.6875, 4.375, 9.9375, 4.78125 ], "texture": "#main", "tintindex":0 },
                "east":  { "uv": [ 8, 4.375, 9.6875, 4.78125 ], "texture": "#main", "tintindex":0 },
                "south": { "uv": [ 11.625, 4.375, 11.875, 4.78125 ], "texture": "#main", "tintindex":0 },
                "west":  { "uv": [ 9.9375, 4.375, 11.625, 4.78125 ], "texture": "#main", "tintindex":0 },
                "up":    { "uv": [ 9.9375, 4.375, 9.6875, 2.6875 ], "texture": "#main", "tintindex":0 },
                "down":  { "uv": [ 10.1875, 2.6875, 9.9375, 4.375 ], "texture": "#main", "tintindex":0 }
            }
        },
        {
            "from": [ 7.875, 3.01914, 5.02283 ],
            "to":   [ 8.125, 3.51914, 18.02283 ],
            "rotation": { "angle": 22.5, "axis": "x", "origin": [8, -40.80777, 5.82845] },
            "faces": {
                "north": { "uv": [ 13.125, 5.25, 13.15625, 5.3125 ], "texture": "#main", "tintindex":0 },
                "east":  { "uv": [ 11.5, 5.25, 13.125, 5.3125 ], "texture": "#main", "tintindex":0 },
                "south": { "uv": [ 14.78125, 5.25, 14.8125, 5.3125 ], "texture": "#main", "tintindex":0 },
                "west":  { "uv": [ 13.15625, 5.25, 14.78125, 5.3125 ], "texture": "#main", "tintindex":0 },
                "up":    { "uv": [ 13.15625, 5.25, 13.125, 3.625 ], "texture": "#main", "tintindex":0 },
                "down":  { "uv": [ 13.1875, 3.625, 13.15625, 5.25 ], "texture": "#main", "tintindex":0 }
            }
        },
        {
            "from": [ 6.74616, 4.30567, 2.60672 ],
            "to":   [ 9.24616, 10.30566, 6.10672 ],
            "rotation": { "angle": 22.5, "axis": "x", "origin": [8, 22.69223, 5.82845] },
            "faces": {
                "north": { "uv": [ 8.4375, 3.125, 8.75, 3.875 ], "texture": "#main", "tintindex":0 },
                "east":  { "uv": [ 8, 3.125, 8.4375, 3.875 ], "texture": "#main", "tintindex":0 },
                "south": { "uv": [ 9.1875, 3.125, 9.5, 3.875 ], "texture": "#main", "tintindex":0 },
                "west":  { "uv": [ 8.75, 3.125, 9.1875, 3.875 ], "texture": "#main", "tintindex":0 },
                "up":    { "uv": [ 8.75, 3.125, 8.4375, 2.6875 ], "texture": "#main", "tintindex":0 },
                "down":  { "uv": [ 9.0625, 2.6875, 8.75, 3.125 ], "texture": "#main", "tintindex":0 }
            }
        },
        {
            "from": [ 5.44347, 8.34088, 6.64392 ],
            "to":   [ 10.54347, 14.29088, 11.31892 ],
            "rotation": { "angle": 22.5, "axis": "x", "origin": [8, 38.57678, 4.30836] },
            "faces": {
                "north": { "uv": [ 10.65625, 3.03125, 11.03125, 3.46875 ], "texture": "#main", "tintindex":0 },
                "east":  { "uv": [ 10.3125, 3.03125, 10.65625, 3.46875 ], "texture": "#main", "tintindex":0 },
                "south": { "uv": [ 11.375, 3.03125, 11.75, 3.46875 ], "texture": "#main", "tintindex":0 },
                "west":  { "uv": [ 11.03125, 3.03125, 11.375, 3.46875 ], "texture": "#main", "tintindex":0 },
                "up":    { "uv": [ 11.03125, 3.03125, 10.65625, 2.6875 ], "texture": "#main", "tintindex":0 },
                "down":  { "uv": [ 11.40625, 2.6875, 11.03125, 3.03125 ], "texture": "#main", "tintindex":0 }
            }
        },
        {
            "from": [ 5.8768, 9.61588, 0.69392 ],
            "to":   [ 10.1268, 14.29088, 6.64392 ],
            "rotation": { "angle": 22.5, "axis": "x", "origin": [8, 38.57678, 4.30836] },
            "faces": {
                "north": { "uv": [ 10.75, 3.90625, 11.0625, 4.25 ], "texture": "#main", "tintindex":0 },
                "east":  { "uv": [ 10.3125, 3.90625, 10.75, 4.25 ], "texture": "#main", "tintindex":0 },
                "south": { "uv": [ 11.5, 3.90625, 11.8125, 4.25 ], "texture": "#main", "tintindex":0 },
                "west":  { "uv": [ 11.0625, 3.90625, 11.5, 4.25 ], "texture": "#main", "tintindex":0 },
                "up":    { "uv": [ 11.0625, 3.90625, 10.75, 3.46875 ], "texture": "#main", "tintindex":0 },
                "down":  { "uv": [ 11.375, 3.46875, 11.0625, 3.90625 ], "texture": "#main", "tintindex":0 }
            }
        },
        {
            "from": [ 7.88096, 9.55566, 2.60672 ],
            "to":   [ 8.13096, 10.80567, 6.60672 ],
            "rotation": { "angle": 22.5, "axis": "x", "origin": [8, 22.69223, 5.82845] },
            "faces": {
                "north": { "uv": [ 11.71875, 0.5, 11.75, 0.65625 ], "texture": "#main", "tintindex":0 },
                "east":  { "uv": [ 11.21875, 0.5, 11.71875, 0.65625 ], "texture": "#main", "tintindex":0 },
                "south": { "uv": [ 12.25, 0.5, 12.28125, 0.65625 ], "texture": "#main", "tintindex":0 },
                "west":  { "uv": [ 11.75, 0.5, 12.25, 0.65625 ], "texture": "#main", "tintindex":0 },
                "up":    { "uv": [ 11.75, 0.5, 11.71875, 0 ], "texture": "#main", "tintindex":0 },
                "down":  { "uv": [ 11.78125, 0, 11.75, 0.5 ], "texture": "#main", "tintindex":0 }
            }
        },
        {
            "from": [ 8.75379, -1.77121, 5.96319 ],
            "to":   [ 11.50379, 4.47879, 10.96319 ],
            "shade": false,
            "rotation": { "angle": 45, "axis": "x", "origin": [8, 4.69223, 8.32845] },
            "faces": {
                "north": { "uv": [ 8.96875, 5.40625, 8.625, 6.1875 ], "texture": "#main", "tintindex":0 },
                "east":  { "uv": [ 9.59375, 5.40625, 8.96875, 6.1875 ], "texture": "#main", "tintindex":0 },
                "south": { "uv": [ 9.9375, 5.40625, 9.59375, 6.1875 ], "texture": "#main", "tintindex":0 },
                "west":  { "uv": [ 8.625, 5.40625, 8, 6.1875 ], "texture": "#main", "tintindex":0 },
                "up":    { "uv": [ 8.625, 5.40625, 8.96875, 4.78125 ], "texture": "#main", "tintindex":0 },
                "down":  { "uv": [ 8.96875, 4.78125, 9.3125, 5.40625 ], "texture": "#main", "tintindex":0 }
            }
        },
        {
            "from": [ 9.24834, -6.27194, 9.46319 ],
            "to":   [ 10.99834, 2.97806, 11.46319 ],
            "shade": false,
            "rotation": { "angle": 45, "axis": "x", "origin": [8, 4.69223, 8.32845] },
            "faces": {
                "north": { "uv": [ 8.46875, 0.25, 8.25, 1.40625 ], "texture": "#main", "tintindex":0 },
                "east":  { "uv": [ 8.71875, 0.25, 8.46875, 1.40625 ], "texture": "#main", "tintindex":0 },
                "south": { "uv": [ 8.9375, 0.25, 8.71875, 1.40625 ], "texture": "#main", "tintindex":0 },
                "west":  { "uv": [ 8.25, 0.25, 8, 1.40625 ], "texture": "#main", "tintindex":0 },
                "up":    { "uv": [ 8.25, 0.25, 8.46875, 0 ], "texture": "#main", "tintindex":0 },
                "down":  { "uv": [ 8.46875, 0, 8.6875, 0.25 ], "texture": "#main", "tintindex":0 }
            }
        },
        {
            "from": [ 9.24834, -6.27194, 7.71319 ],
            "to":   [ 10.99834, -5.27194, 9.46319 ],
            "shade": false,
            "rotation": { "angle": 45, "axis": "x", "origin": [8, 4.69223, 8.32845] },
            "faces": {
                "north": { "uv": [ 8.4375, 1.6875, 8.21875, 1.8125 ], "texture": "#main", "tintindex":0 },
                "east":  { "uv": [ 8.65625, 1.6875, 8.4375, 1.8125 ], "texture": "#main", "tintindex":0 },
                "south": { "uv": [ 8.875, 1.6875, 8.65625, 1.8125 ], "texture": "#main", "tintindex":0 },
                "west":  { "uv": [ 8.21875, 1.6875, 8, 1.8125 ], "texture": "#main", "tintindex":0 },
                "up":    { "uv": [ 8.21875, 1.6875, 8.4375, 1.46875 ], "texture": "#main", "tintindex":0 },
                "down":  { "uv": [ 8.4375, 1.46875, 8.65625, 1.6875 ], "texture": "#main", "tintindex":0 }
            }
        },
        {
            "from": [ 4.49834, -1.77121, 5.96319 ],
            "to":   [ 7.24834, 4.47879, 10.96319 ],
            "rotation": { "angle": 0, "axis": "x", "origin": [8, 4.69223, 8.32845] },
            "faces": {
                "north": { "uv": [ 8.625, 5.40625, 8.96875, 6.1875 ], "texture": "#main", "tintindex":0 },
                "east":  { "uv": [ 8, 5.40625, 8.625, 6.1875 ], "texture": "#main", "tintindex":0 },
                "south": { "uv": [ 9.59375, 5.40625, 9.9375, 6.1875 ], "texture": "#main", "tintindex":0 },
                "west":  { "uv": [ 8.96875, 5.40625, 9.59375, 6.1875 ], "texture": "#main", "tintindex":0 },
                "up":    { "uv": [ 8.96875, 5.40625, 8.625, 4.78125 ], "texture": "#main", "tintindex":0 },
                "down":  { "uv": [ 9.3125, 4.78125, 8.96875, 5.40625 ], "texture": "#main", "tintindex":0 }
            }
        },
        {
            "from": [ 4.99834, -6.27194, 7.71319 ],
            "to":   [ 6.74834, -5.27194, 9.46319 ],
            "rotation": { "angle": 0, "axis": "x", "origin": [8, 4.69223, 8.32845] },
            "faces": {
                "north": { "uv": [ 8.21875, 1.6875, 8.4375, 1.8125 ], "texture": "#main", "tintindex":0 },
                "east":  { "uv": [ 8, 1.6875, 8.21875, 1.8125 ], "texture": "#main", "tintindex":0 },
                "south": { "uv": [ 8.65625, 1.6875, 8.875, 1.8125 ], "texture": "#main", "tintindex":0 },
                "west":  { "uv": [ 8.4375, 1.6875, 8.65625, 1.8125 ], "texture": "#main", "tintindex":0 },
                "up":    { "uv": [ 8.4375, 1.6875, 8.21875, 1.46875 ], "texture": "#main", "tintindex":0 },
                "down":  { "uv": [ 8.65625, 1.46875, 8.4375, 1.6875 ], "texture": "#main", "tintindex":0 }
            }
        },
        {
            "from": [ 4.99834, -6.27194, 9.46319 ],
            "to":   [ 6.74834, 2.97806, 11.46319 ],
            "rotation": { "angle": 0, "axis": "x", "origin": [8, 4.69223, 8.32845] },
            "faces": {
                "north": { "uv": [ 8.25, 0.25, 8.46875, 1.40625 ], "texture": "#main", "tintindex":0 },
                "east":  { "uv": [ 8, 0.25, 8.25, 1.40625 ], "texture": "#main", "tintindex":0 },
                "south": { "uv": [ 8.71875, 0.25, 8.9375, 1.40625 ], "texture": "#main", "tintindex":0 },
                "west":  { "uv": [ 8.46875, 0.25, 8.71875, 1.40625 ], "texture": "#main", "tintindex":0 },
                "up":    { "uv": [ 8.46875, 0.25, 8.25, 0 ], "texture": "#main", "tintindex":0 },
                "down":  { "uv": [ 8.6875, 0, 8.46875, 0.25 ], "texture": "#main", "tintindex":0 }
            }
        },
        {
            "from": [ 4.99834, -1.64062, 0.1402 ],
            "to":   [ 6.24834, 2.35938, 1.3902 ],
            "rotation": { "angle": 22.5, "axis": "x", "origin": [8, 3.69223, 5.82845] },
            "faces": {
                "north": { "uv": [ 9.09375, 0.15625, 9.25, 0.65625 ], "texture": "#main", "tintindex":0 },
                "east":  { "uv": [ 8.9375, 0.15625, 9.09375, 0.65625 ], "texture": "#main", "tintindex":0 },
                "south": { "uv": [ 9.40625, 0.15625, 9.5625, 0.65625 ], "texture": "#main", "tintindex":0 },
                "west":  { "uv": [ 9.25, 0.15625, 9.40625, 0.65625 ], "texture": "#main", "tintindex":0 },
                "up":    { "uv": [ 9.25, 0.15625, 9.09375, 0 ], "texture": "#main", "tintindex":0 },
                "down":  { "uv": [ 9.40625, 0, 9.25, 0.15625 ], "texture": "#main", "tintindex":0 }
            }
        },
        {
            "from": [ 9.74834, -1.64062, 0.1402 ],
            "to":   [ 10.99834, 2.35938, 1.3902 ],
            "shade": false,
            "rotation": { "angle": 22.5, "axis": "x", "origin": [8, 3.69223, 5.82845] },
            "faces": {
                "north": { "uv": [ 9.25, 0.15625, 9.09375, 0.65625 ], "texture": "#main", "tintindex":0 },
                "east":  { "uv": [ 9.40625, 0.15625, 9.25, 0.65625 ], "texture": "#main", "tintindex":0 },
                "south": { "uv": [ 9.5625, 0.15625, 9.40625, 0.65625 ], "texture": "#main", "tintindex":0 },
                "west":  { "uv": [ 9.09375, 0.15625, 8.9375, 0.65625 ], "texture": "#main", "tintindex":0 },
                "up":    { "uv": [ 9.09375, 0.15625, 9.25, 0 ], "texture": "#main", "tintindex":0 },
                "down":  { "uv": [ 9.25, 0, 9.40625, 0.15625 ], "texture": "#main", "tintindex":0 }
            }
        },
        {
            "from": [ 5.24834, 1.10938, -1.91427 ],
            "to":   [ 10.74834, 8.10938, 12.58574 ],
            "rotation": { "angle": 22.5, "axis": "x", "origin": [8, 3.69223, 5.82845] },
            "faces": {
                "north": { "uv": [ 1.8125, 9.8125, 2.5, 10.6875 ], "texture": "#main", "tintindex":0 },
                "east":  { "uv": [ 0, 9.8125, 1.8125, 10.6875 ], "texture": "#main", "tintindex":0 },
                "south": { "uv": [ 4.3125, 9.8125, 5, 10.6875 ], "texture": "#main", "tintindex":0 },
                "west":  { "uv": [ 2.5, 9.8125, 4.3125, 10.6875 ], "texture": "#main", "tintindex":0 },
                "up":    { "uv": [ 2.5, 9.8125, 1.8125, 8 ], "texture": "#main", "tintindex":0 },
                "down":  { "uv": [ 3.1875, 8, 2.5, 9.8125 ], "texture": "#main", "tintindex":0 }
            }
        },
        {
            "from": [ 7.88096, 7.10938, -0.66426 ],
            "to":   [ 8.13096, 8.60938, 13.08574 ],
            "rotation": { "angle": 22.5, "axis": "x", "origin": [8, 3.69223, 5.82845] },
            "faces": {
                "north": { "uv": [ 5.46875, 11.4375, 5.5, 11.625 ], "texture": "#main", "tintindex":0 },
                "east":  { "uv": [ 3.75, 11.4375, 5.46875, 11.625 ], "texture": "#main", "tintindex":0 },
                "south": { "uv": [ 7.21875, 11.4375, 7.25, 11.625 ], "texture": "#main", "tintindex":0 },
                "west":  { "uv": [ 5.5, 11.4375, 7.21875, 11.625 ], "texture": "#main", "tintindex":0 },
                "up":    { "uv": [ 5.5, 11.4375, 5.46875, 9.71875 ], "texture": "#main", "tintindex":0 },
                "down":  { "uv": [ 5.53125, 9.71875, 5.5, 11.4375 ], "texture": "#main", "tintindex":0 }
            }
        },
        {
            "from": [ 5.99616, 1.78848, 9.71561 ],
            "to":   [ 9.99616, 6.53848, 18.71561 ],
            "rotation": { "angle": 22.5, "axis": "x", "origin": [8, -3.80777, 5.82845] },
            "faces": {
                "north": { "uv": [ 4.3125, 9.125, 4.8125, 9.71875 ], "texture": "#main", "tintindex":0 },
                "east":  { "uv": [ 3.1875, 9.125, 4.3125, 9.71875 ], "texture": "#main", "tintindex":0 },
                "south": { "uv": [ 5.9375, 9.125, 6.4375, 9.71875 ], "texture": "#main", "tintindex":0 },
                "west":  { "uv": [ 4.8125, 9.125, 5.9375, 9.71875 ], "texture": "#main", "tintindex":0 },
                "up":    { "uv": [ 4.8125, 9.125, 4.3125, 8 ], "texture": "#main", "tintindex":0 },
                "down":  { "uv": [ 5.3125, 8, 4.8125, 9.125 ], "texture": "#main", "tintindex":0 }
            }
        },
        {
            "from": [ 7.88096, 5.78848, 10.21561 ],
            "to":   [ 8.13096, 7.03848, 19.21561 ],
            "rotation": { "angle": 22.5, "axis": "x", "origin": [8, -3.80777, 5.82845] },
            "faces": {
                "north": { "uv": [ 3.9375, 12.78125, 3.96875, 12.9375 ], "texture": "#main", "tintindex":0 },
                "east":  { "uv": [ 2.8125, 12.78125, 3.9375, 12.9375 ], "texture": "#main", "tintindex":0 },
                "south": { "uv": [ 5.09375, 12.78125, 5.125, 12.9375 ], "texture": "#main", "tintindex":0 },
                "west":  { "uv": [ 3.96875, 12.78125, 5.09375, 12.9375 ], "texture": "#main", "tintindex":0 },
                "up":    { "uv": [ 3.96875, 12.78125, 3.9375, 11.65625 ], "texture": "#main", "tintindex":0 },
                "down":  { "uv": [ 4, 11.65625, 3.96875, 12.78125 ], "texture": "#main", "tintindex":0 }
            }
        },
        {
            "from": [ 6.99616, -0.23086, 4.52283 ],
            "to":   [ 8.99616, 3.01914, 18.02283 ],
            "rotation": { "angle": 22.5, "axis": "x", "origin": [8, -40.80777, 5.82845] },
            "faces": {
                "north": { "uv": [ 1.6875, 12.375, 1.9375, 12.78125 ], "texture": "#main", "tintindex":0 },
                "east":  { "uv": [ 0, 12.375, 1.6875, 12.78125 ], "texture": "#main", "tintindex":0 },
                "south": { "uv": [ 3.625, 12.375, 3.875, 12.78125 ], "texture": "#main", "tintindex":0 },
                "west":  { "uv": [ 1.9375, 12.375, 3.625, 12.78125 ], "texture": "#main", "tintindex":0 },
                "up":    { "uv": [ 1.9375, 12.375, 1.6875, 10.6875 ], "texture": "#main", "tintindex":0 },
                "down":  { "uv": [ 2.1875, 10.6875, 1.9375, 12.375 ], "texture": "#main", "tintindex":0 }
            }
        },
        {
            "from": [ 7.875, 3.01914, 5.02283 ],
            "to":   [ 8.125, 3.51914, 18.02283 ],
            "rotation": { "angle": 22.5, "axis": "x", "origin": [8, -40.80777, 5.82845] },
            "faces": {
                "north": { "uv": [ 5.125, 13.25, 5.15625, 13.3125 ], "texture": "#main", "tintindex":0 },
                "east":  { "uv": [ 3.5, 13.25, 5.125, 13.3125 ], "texture": "#main", "tintindex":0 },
                "south": { "uv": [ 6.78125, 13.25, 6.8125, 13.3125 ], "texture": "#main", "tintindex":0 },
                "west":  { "uv": [ 5.15625, 13.25, 6.78125, 13.3125 ], "texture": "#main", "tintindex":0 },
                "up":    { "uv": [ 5.15625, 13.25, 5.125, 11.625 ], "texture": "#main", "tintindex":0 },
                "down":  { "uv": [ 5.1875, 11.625, 5.15625, 13.25 ], "texture": "#main", "tintindex":0 }
            }
        },
        {
            "from": [ 6.74616, 4.30567, 2.60672 ],
            "to":   [ 9.24616, 10.30566, 6.10672 ],
            "rotation": { "angle": 22.5, "axis": "x", "origin": [8, 22.69223, 5.82845] },
            "faces": {
                "north": { "uv": [ 0.4375, 11.125, 0.75, 11.875 ], "texture": "#main", "tintindex":0 },
                "east":  { "uv": [ 0, 11.125, 0.4375, 11.875 ], "texture": "#main", "tintindex":0 },
                "south": { "uv": [ 1.1875, 11.125, 1.5, 11.875 ], "texture": "#main", "tintindex":0 },
                "west":  { "uv": [ 0.75, 11.125, 1.1875, 11.875 ], "texture": "#main", "tintindex":0 },
                "up":    { "uv": [ 0.75, 11.125, 0.4375, 10.6875 ], "texture": "#main", "tintindex":0 },
                "down":  { "uv": [ 1.0625, 10.6875, 0.75, 11.125 ], "texture": "#main", "tintindex":0 }
            }
        },
        {
            "from": [ 5.44347, 8.34088, 6.64392 ],
            "to":   [ 10.54347, 14.29088, 11.31892 ],
            "rotation": { "angle": 22.5, "axis": "x", "origin": [8, 38.57678, 4.30836] },
            "faces": {
                "north": { "uv": [ 2.65625, 11.03125, 3.03125, 11.46875 ], "texture": "#main", "tintindex":0 },
                "east":  { "uv": [ 2.3125, 11.03125, 2.65625, 11.46875 ], "texture": "#main", "tintindex":0 },
                "south": { "uv": [ 3.375, 11.03125, 3.75, 11.46875 ], "texture": "#main", "tintindex":0 },
                "west":  { "uv": [ 3.03125, 11.03125, 3.375, 11.46875 ], "texture": "#main", "tintindex":0 },
                "up":    { "uv": [ 3.03125, 11.03125, 2.65625, 10.6875 ], "texture": "#main", "tintindex":0 },
                "down":  { "uv": [ 3.40625, 10.6875, 3.03125, 11.03125 ], "texture": "#main", "tintindex":0 }
            }
        },
        {
            "from": [ 5.8768, 9.61588, 0.69392 ],
            "to":   [ 10.1268, 14.29088, 6.64392 ],
            "rotation": { "angle": 22.5, "axis": "x", "origin": [8, 38.57678, 4.30836] },
            "faces": {
                "north": { "uv": [ 2.75, 11.90625, 3.0625, 12.25 ], "texture": "#main", "tintindex":0 },
                "east":  { "uv": [ 2.3125, 11.90625, 2.75, 12.25 ], "texture": "#main", "tintindex":0 },
                "south": { "uv": [ 3.5, 11.90625, 3.8125, 12.25 ], "texture": "#main", "tintindex":0 },
                "west":  { "uv": [ 3.0625, 11.90625, 3.5, 12.25 ], "texture": "#main", "tintindex":0 },
                "up":    { "uv": [ 3.0625, 11.90625, 2.75, 11.46875 ], "texture": "#main", "tintindex":0 },
                "down":  { "uv": [ 3.375, 11.46875, 3.0625, 11.90625 ], "texture": "#main", "tintindex":0 }
            }
        },
        {
            "from": [ 7.88096, 9.55566, 2.60672 ],
            "to":   [ 8.13096, 10.80567, 6.60672 ],
            "rotation": { "angle": 22.5, "axis": "x", "origin": [8, 22.69223, 5.82845] },
            "faces": {
                "north": { "uv": [ 3.71875, 8.5, 3.75, 8.65625 ], "texture": "#main", "tintindex":0 },
                "east":  { "uv": [ 3.21875, 8.5, 3.71875, 8.65625 ], "texture": "#main", "tintindex":0 },
                "south": { "uv": [ 4.25, 8.5, 4.28125, 8.65625 ], "texture": "#main", "tintindex":0 },
                "west":  { "uv": [ 3.75, 8.5, 4.25, 8.65625 ], "texture": "#main", "tintindex":0 },
                "up":    { "uv": [ 3.75, 8.5, 3.71875, 8 ], "texture": "#main", "tintindex":0 },
                "down":  { "uv": [ 3.78125, 8, 3.75, 8.5 ], "texture": "#main", "tintindex":0 }
            }
        },
        {
            "from": [ 8.75379, -1.77121, 5.96319 ],
            "to":   [ 11.50379, 4.47879, 10.96319 ],
            "shade": false,
            "rotation": { "angle": 0, "axis": "x", "origin": [8, 4.69223, 8.32845] },
            "faces": {
                "north": { "uv": [ 0.96875, 13.40625, 0.625, 14.1875 ], "texture": "#main", "tintindex":0 },
                "east":  { "uv": [ 1.59375, 13.40625, 0.96875, 14.1875 ], "texture": "#main", "tintindex":0 },
                "south": { "uv": [ 1.9375, 13.40625, 1.59375, 14.1875 ], "texture": "#main", "tintindex":0 },
                "west":  { "uv": [ 0.625, 13.40625, 0, 14.1875 ], "texture": "#main", "tintindex":0 },
                "up":    { "uv": [ 0.625, 13.40625, 0.96875, 12.78125 ], "texture": "#main", "tintindex":0 },
                "down":  { "uv": [ 0.96875, 12.78125, 1.3125, 13.40625 ], "texture": "#main", "tintindex":0 }
            }
        },
        {
            "from": [ 9.24834, -6.27194, 9.46319 ],
            "to":   [ 10.99834, 2.97806, 11.46319 ],
            "shade": false,
            "rotation": { "angle": 0, "axis": "x", "origin": [8, 4.69223, 8.32845] },
            "faces": {
                "north": { "uv": [ 0.46875, 8.25, 0.25, 9.40625 ], "texture": "#main", "tintindex":0 },
                "east":  { "uv": [ 0.71875, 8.25, 0.46875, 9.40625 ], "texture": "#main", "tintindex":0 },
                "south": { "uv": [ 0.9375, 8.25, 0.71875, 9.40625 ], "texture": "#main", "tintindex":0 },
                "west":  { "uv": [ 0.25, 8.25, 0, 9.40625 ], "texture": "#main", "tintindex":0 },
                "up":    { "uv": [ 0.25, 8.25, 0.46875, 8 ], "texture": "#main", "tintindex":0 },
                "down":  { "uv": [ 0.46875, 8, 0.6875, 8.25 ], "texture": "#main", "tintindex":0 }
            }
        },
        {
            "from": [ 9.24834, -6.27194, 7.71319 ],
            "to":   [ 10.99834, -5.27194, 9.46319 ],
            "shade": false,
            "rotation": { "angle": 0, "axis": "x", "origin": [8, 4.69223, 8.32845] },
            "faces": {
                "north": { "uv": [ 0.4375, 9.6875, 0.21875, 9.8125 ], "texture": "#main", "tintindex":0 },
                "east":  { "uv": [ 0.65625, 9.6875, 0.4375, 9.8125 ], "texture": "#main", "tintindex":0 },
                "south": { "uv": [ 0.875, 9.6875, 0.65625, 9.8125 ], "texture": "#main", "tintindex":0 },
                "west":  { "uv": [ 0.21875, 9.6875, 0, 9.8125 ], "texture": "#main", "tintindex":0 },
                "up":    { "uv": [ 0.21875, 9.6875, 0.4375, 9.46875 ], "texture": "#main", "tintindex":0 },
                "down":  { "uv": [ 0.4375, 9.46875, 0.65625, 9.6875 ], "texture": "#main", "tintindex":0 }
            }
        },
        {
            "from": [ 4.49834, -1.77121, 5.96319 ],
            "to":   [ 7.24834, 4.47879, 10.96319 ],
            "rotation": { "angle": 45, "axis": "x", "origin": [8, 4.69223, 8.32845] },
            "faces": {
                "north": { "uv": [ 0.625, 13.40625, 0.96875, 14.1875 ], "texture": "#main", "tintindex":0 },
                "east":  { "uv": [ 0, 13.40625, 0.625, 14.1875 ], "texture": "#main", "tintindex":0 },
                "south": { "uv": [ 1.59375, 13.40625, 1.9375, 14.1875 ], "texture": "#main", "tintindex":0 },
                "west":  { "uv": [ 0.96875, 13.40625, 1.59375, 14.1875 ], "texture": "#main", "tintindex":0 },
                "up":    { "uv": [ 0.96875, 13.40625, 0.625, 12.78125 ], "texture": "#main", "tintindex":0 },
                "down":  { "uv": [ 1.3125, 12.78125, 0.96875, 13.40625 ], "texture": "#main", "tintindex":0 }
            }
        },
        {
            "from": [ 4.99834, -6.27194, 7.71319 ],
            "to":   [ 6.74834, -5.27194, 9.46319 ],
            "rotation": { "angle": 45, "axis": "x", "origin": [8, 4.69223, 8.32845] },
            "faces": {
                "north": { "uv": [ 0.21875, 9.6875, 0.4375, 9.8125 ], "texture": "#main", "tintindex":0 },
                "east":  { "uv": [ 0, 9.6875, 0.21875, 9.8125 ], "texture": "#main", "tintindex":0 },
                "south": { "uv": [ 0.65625, 9.6875, 0.875, 9.8125 ], "texture": "#main", "tintindex":0 },
                "west":  { "uv": [ 0.4375, 9.6875, 0.65625, 9.8125 ], "texture": "#main", "tintindex":0 },
                "up":    { "uv": [ 0.4375, 9.6875, 0.21875, 9.46875 ], "texture": "#main", "tintindex":0 },
                "down":  { "uv": [ 0.65625, 9.46875, 0.4375, 9.6875 ], "texture": "#main", "tintindex":0 }
            }
        },
        {
            "from": [ 4.99834, -6.27194, 9.46319 ],
            "to":   [ 6.74834, 2.97806, 11.46319 ],
            "rotation": { "angle": 45, "axis": "x", "origin": [8, 4.69223, 8.32845] },
            "faces": {
                "north": { "uv": [ 0.25, 8.25, 0.46875, 9.40625 ], "texture": "#main", "tintindex":0 },
                "east":  { "uv": [ 0, 8.25, 0.25, 9.40625 ], "texture": "#main", "tintindex":0 },
                "south": { "uv": [ 0.71875, 8.25, 0.9375, 9.40625 ], "texture": "#main", "tintindex":0 },
                "west":  { "uv": [ 0.46875, 8.25, 0.71875, 9.40625 ], "texture": "#main", "tintindex":0 },
                "up":    { "uv": [ 0.46875, 8.25, 0.25, 8 ], "texture": "#main", "tintindex":0 },
                "down":  { "uv": [ 0.6875, 8, 0.46875, 8.25 ], "texture": "#main", "tintindex":0 }
            }
        },
        {
            "from": [ 4.99834, -1.64062, 0.1402 ],
            "to":   [ 6.24834, 2.35938, 1.3902 ],
            "rotation": { "angle": 22.5, "axis": "x", "origin": [8, 3.69223, 5.82845] },
            "faces": {
                "north": { "uv": [ 1.09375, 8.15625, 1.25, 8.65625 ], "texture": "#main", "tintindex":0 },
                "east":  { "uv": [ 0.9375, 8.15625, 1.09375, 8.65625 ], "texture": "#main", "tintindex":0 },
                "south": { "uv": [ 1.40625, 8.15625, 1.5625, 8.65625 ], "texture": "#main", "tintindex":0 },
                "west":  { "uv": [ 1.25, 8.15625, 1.40625, 8.65625 ], "texture": "#main", "tintindex":0 },
                "up":    { "uv": [ 1.25, 8.15625, 1.09375, 8 ], "texture": "#main", "tintindex":0 },
                "down":  { "uv": [ 1.40625, 8, 1.25, 8.15625 ], "texture": "#main", "tintindex":0 }
            }
        },
        {
            "from": [ 9.74834, -1.64062, 0.1402 ],
            "to":   [ 10.99834, 2.35938, 1.3902 ],
            "shade": false,
            "rotation": { "angle": 22.5, "axis": "x", "origin": [8, 3.69223, 5.82845] },
            "faces": {
                "north": { "uv": [ 1.25, 8.15625, 1.09375, 8.65625 ], "texture": "#main", "tintindex":0 },
                "east":  { "uv": [ 1.40625, 8.15625, 1.25, 8.65625 ], "texture": "#main", "tintindex":0 },
                "south": { "uv": [ 1.5625, 8.15625, 1.40625, 8.65625 ], "texture": "#main", "tintindex":0 },
                "west":  { "uv": [ 1.09375, 8.15625, 0.9375, 8.65625 ], "texture": "#main", "tintindex":0 },
                "up":    { "uv": [ 1.09375, 8.15625, 1.25, 8 ], "texture": "#main", "tintindex":0 },
                "down":  { "uv": [ 1.25, 8, 1.40625, 8.15625 ], "texture": "#main", "tintindex":0 }
            }
        }
    ],
    "display": {
        "ground": {
            "rotation": [ -157.5, 0, -180 ],
            "translation": [ 0, 10.2, 0 ],
            "scale": [ 2, 2, 2 ]
        },
        "head": {
            "rotation": [ -22.5, 0, 0 ],
            "translation": [ 0, 20, 0 ],
            "scale": [ 3.2, 3.2, 3.2 ]
        }
    },
    "groups": [
        {
            "name": "Entire",
            "origin": [
                0,
                0,
                0
            ],
            "children": [
                {
                    "name": "Body",
                    "origin": [
                        -15,
                        21.56836,
                        -13.84359
                    ],
                    "children": [
                        0,
                        1,
                        2,
                        3,
                        4,
                        5
                    ]
                },
                {
                    "name": "Head",
                    "origin": [
                        -15,
                        21.56836,
                        -13.84359
                    ],
                    "children": [
                        6,
                        7,
                        8,
                        9
                    ]
                },
                {
                    "name": "Limbs",
                    "origin": [
                        -15,
                        21.56836,
                        -13.84359
                    ],
                    "children": [
                        10,
                        11,
                        12,
                        13,
                        14,
                        15,
                        16,
                        17
                    ]
                }
            ]
        }
    ],
    "__comment": "Model animated using Fizzy's model animator - http://fizzy81.github.io/animated-models/"
}
