{
	"textures": {
		"0": "dnd:entity/ambermancer/amber_mammal_idle"
	},
	"elements": [
		{
			"from": [6.5, 3, 0],
			"to": [9.5, 6, 5],
			"rotation": {"angle": 0, "axis": "y", "origin": [14.5, 11, 8]},
			"faces": {
				"north": {"uv": [6.75, 4.75, 7.5, 5.5], "texture": "#0", "tintindex": 0},
				"east": {"uv": [5.5, 4.75, 6.75, 5.5], "texture": "#0", "tintindex": 0},
				"south": {"uv": [8.75, 4.75, 9.5, 5.5], "texture": "#0", "tintindex": 0},
				"west": {"uv": [7.5, 4.75, 8.75, 5.5], "texture": "#0", "tintindex": 0},
				"up": {"uv": [7.5, 4.75, 6.75, 3.5], "texture": "#0", "tintindex": 0},
				"down": {"uv": [8.25, 3.5, 7.5, 4.75], "texture": "#0", "tintindex": 0}
			}
		},
		{
			"from": [5.5, 2, 5],
			"to": [10.5, 7, 14],
			"rotation": {"angle": 0, "axis": "y", "origin": [14.5, 11, 8]},
			"faces": {
				"north": {"uv": [2.25, 2.25, 3.5, 3.5], "texture": "#0", "tintindex": 0},
				"east": {"uv": [0, 2.25, 2.25, 3.5], "texture": "#0", "tintindex": 0},
				"south": {"uv": [5.75, 2.25, 7, 3.5], "texture": "#0", "tintindex": 0},
				"west": {"uv": [3.5, 2.25, 5.75, 3.5], "texture": "#0", "tintindex": 0},
				"up": {"uv": [3.5, 2.25, 2.25, 0], "texture": "#0", "tintindex": 0},
				"down": {"uv": [4.75, 0, 3.5, 2.25], "texture": "#0", "tintindex": 0}
			}
		},
		{
			"from": [9, 0, 6],
			"to": [10, 2, 8],
			"rotation": {"angle": 0, "axis": "y", "origin": [15, 10, 8]},
			"faces": {
				"north": {"uv": [5, 6.75, 5.25, 7.25], "texture": "#0", "tintindex": 0},
				"east": {"uv": [4.5, 6.75, 5, 7.25], "texture": "#0", "tintindex": 0},
				"south": {"uv": [5.75, 6.75, 6, 7.25], "texture": "#0", "tintindex": 0},
				"west": {"uv": [5.25, 6.75, 5.75, 7.25], "texture": "#0", "tintindex": 0},
				"up": {"uv": [5.25, 6.75, 5, 6.25], "texture": "#0", "tintindex": 0},
				"down": {"uv": [5.5, 6.25, 5.25, 6.75], "texture": "#0", "tintindex": 0}
			}
		},
		{
			"from": [9, 0, 11],
			"to": [10, 2, 13],
			"rotation": {"angle": 0, "axis": "y", "origin": [15, 10, 13]},
			"faces": {
				"north": {"uv": [3.5, 6.75, 3.75, 7.25], "texture": "#0", "tintindex": 0},
				"east": {"uv": [3, 6.75, 3.5, 7.25], "texture": "#0", "tintindex": 0},
				"south": {"uv": [4.25, 6.75, 4.5, 7.25], "texture": "#0", "tintindex": 0},
				"west": {"uv": [3.75, 6.75, 4.25, 7.25], "texture": "#0", "tintindex": 0},
				"up": {"uv": [3.75, 6.75, 3.5, 6.25], "texture": "#0", "tintindex": 0},
				"down": {"uv": [4, 6.25, 3.75, 6.75], "texture": "#0", "tintindex": 0}
			}
		},
		{
			"from": [6, 0, 6],
			"to": [7, 2, 8],
			"rotation": {"angle": 0, "axis": "y", "origin": [12, 10, 8]},
			"faces": {
				"north": {"uv": [2, 6.75, 2.25, 7.25], "texture": "#0", "tintindex": 0},
				"east": {"uv": [1.5, 6.75, 2, 7.25], "texture": "#0", "tintindex": 0},
				"south": {"uv": [2.75, 6.75, 3, 7.25], "texture": "#0", "tintindex": 0},
				"west": {"uv": [2.25, 6.75, 2.75, 7.25], "texture": "#0", "tintindex": 0},
				"up": {"uv": [2.25, 6.75, 2, 6.25], "texture": "#0", "tintindex": 0},
				"down": {"uv": [2.5, 6.25, 2.25, 6.75], "texture": "#0", "tintindex": 0}
			}
		},
		{
			"from": [6, 0, 11],
			"to": [7, 2, 13],
			"rotation": {"angle": 0, "axis": "y", "origin": [12, 10, 13]},
			"faces": {
				"north": {"uv": [0.5, 6.75, 0.75, 7.25], "texture": "#0", "tintindex": 0},
				"east": {"uv": [0, 6.75, 0.5, 7.25], "texture": "#0", "tintindex": 0},
				"south": {"uv": [1.25, 6.75, 1.5, 7.25], "texture": "#0", "tintindex": 0},
				"west": {"uv": [0.75, 6.75, 1.25, 7.25], "texture": "#0", "tintindex": 0},
				"up": {"uv": [0.75, 6.75, 0.5, 6.25], "texture": "#0", "tintindex": 0},
				"down": {"uv": [1, 6.25, 0.75, 6.75], "texture": "#0", "tintindex": 0}
			}
		},
		{
			"from": [7, 5, 14],
			"to": [9, 7, 23],
			"rotation": {"angle": 0, "axis": "y", "origin": [14, 11, 8]},
			"faces": {
				"north": {"uv": [2.25, 5.75, 2.75, 6.25], "texture": "#0", "tintindex": 0},
				"east": {"uv": [0, 5.75, 2.25, 6.25], "texture": "#0", "tintindex": 0},
				"south": {"uv": [5, 5.75, 5.5, 6.25], "texture": "#0", "tintindex": 0},
				"west": {"uv": [2.75, 5.75, 5, 6.25], "texture": "#0", "tintindex": 0},
				"up": {"uv": [2.75, 5.75, 2.25, 3.5], "texture": "#0", "tintindex": 0},
				"down": {"uv": [3.25, 3.5, 2.75, 5.75], "texture": "#0", "tintindex": 0}
			}
		}
	],
	"display": {
		"thirdperson_righthand": {
			"rotation": [75, 45, 0],
			"translation": [0, 2.5, 0],
			"scale": [0.375, 0.375, 0.375]
		},
		"thirdperson_lefthand": {
			"rotation": [75, 45, 0],
			"translation": [0, 2.5, 0],
			"scale": [0.375, 0.375, 0.375]
		},
		"firstperson_righthand": {
			"rotation": [0, 45, 0],
			"scale": [0.4, 0.4, 0.4]
		},
		"firstperson_lefthand": {
			"rotation": [0, 225, 0],
			"scale": [0.4, 0.4, 0.4]
		},
		"ground": {
			"translation": [0, 3, 0],
			"scale": [0.25, 0.25, 0.25]
		},
		"gui": {
			"rotation": [30, 225, 0],
			"scale": [0.625, 0.625, 0.625]
		},
		"head": {
			"translation": [0, -31.25, -3.5],
			"scale": [1.65, 1.65, 1.65]
		},
		"fixed": {
			"rotation": [-90, 0, 0],
			"translation": [0, -7.25, -15.75],
			"scale": [2, 2, 2]
		}
	},
	"groups": [
		{
			"name": "Entire",
			"origin": [8, 8, 8],
			"children": [0, 1, 2, 3, 4, 5, 6]
		}
	]
}
