{
	"textures": {
		"0": "dnd:entity/ambermancer/amber_mosquito_idle"
	},
	"elements": [
		{
			"from": [5.49944, -1, 6],
			"to": [10.49944, 0, 6.01],
			"rotation": {"angle": -22.5, "axis": "x", "origin": [7.99944, 0, 6.005]},
			"faces": {
				"north": {"uv": [2.5, 5.75, 3.75, 6], "texture": "#0", "tintindex": 0},
				"east": {"uv": [2.5, 5.75, 2.5, 6], "texture": "#0", "tintindex": 0},
				"south": {"uv": [3.75, 5.75, 5, 6], "texture": "#0", "tintindex": 0},
				"west": {"uv": [3.75, 5.75, 3.75, 6], "texture": "#0", "tintindex": 0},
				"up": {"uv": [3.75, 5.75, 2.5, 5.75], "texture": "#0", "tintindex": 0},
				"down": {"uv": [5, 5.75, 3.75, 5.75], "texture": "#0", "tintindex": 0}
			}
		},
		{
			"from": [5.49944, -0.23463, 4.15224],
			"to": [10.49944, 0.76537, 4.16224],
			"rotation": {"angle": -22.5, "axis": "x", "origin": [7.99944, 0, 6.005]},
			"faces": {
				"north": {"uv": [2.5, 5.5, 3.75, 5.75], "texture": "#0", "tintindex": 0},
				"east": {"uv": [2.5, 5.5, 2.5, 5.75], "texture": "#0", "tintindex": 0},
				"south": {"uv": [3.75, 5.5, 5, 5.75], "texture": "#0", "tintindex": 0},
				"west": {"uv": [3.75, 5.5, 3.75, 5.75], "texture": "#0", "tintindex": 0},
				"up": {"uv": [3.75, 5.5, 2.5, 5.5], "texture": "#0", "tintindex": 0},
				"down": {"uv": [5, 5.5, 3.75, 5.5], "texture": "#0", "tintindex": 0}
			}
		},
		{
			"from": [5.49944, -1.76537, 7.84776],
			"to": [10.49944, -0.76537, 7.85776],
			"rotation": {"angle": -22.5, "axis": "x", "origin": [7.99944, 0, 6.005]},
			"faces": {
				"north": {"uv": [2.5, 5.25, 3.75, 5.5], "texture": "#0", "tintindex": 0},
				"east": {"uv": [2.5, 5.25, 2.5, 5.5], "texture": "#0", "tintindex": 0},
				"south": {"uv": [3.75, 5.25, 5, 5.5], "texture": "#0", "tintindex": 0},
				"west": {"uv": [3.75, 5.25, 3.75, 5.5], "texture": "#0", "tintindex": 0},
				"up": {"uv": [3.75, 5.25, 2.5, 5.25], "texture": "#0", "tintindex": 0},
				"down": {"uv": [5, 5.25, 3.75, 5.25], "texture": "#0", "tintindex": 0}
			}
		},
		{
			"from": [5.49944, 0, 3],
			"to": [10.49944, 5, 11],
			"rotation": {"angle": 0, "axis": "y", "origin": [7.99944, 0, 6.005]},
			"faces": {
				"north": {"uv": [2, 2, 3.25, 3.25], "texture": "#0", "tintindex": 0},
				"east": {"uv": [0, 2, 2, 3.25], "texture": "#0", "tintindex": 0},
				"south": {"uv": [5.25, 2, 6.5, 3.25], "texture": "#0", "tintindex": 0},
				"west": {"uv": [3.25, 2, 5.25, 3.25], "texture": "#0", "tintindex": 0},
				"up": {"uv": [3.25, 2, 2, 0], "texture": "#0", "tintindex": 0},
				"down": {"uv": [4.5, 0, 3.25, 2], "texture": "#0", "tintindex": 0}
			}
		},
		{
			"from": [9.94919, 5.12133, 2.5],
			"to": [15.94919, 5.13133, 9.5],
			"rotation": {"angle": 0, "axis": "z", "origin": [10.12076, 5.12633, 6]},
			"faces": {
				"north": {"uv": [0, 4.75, 1.5, 4.75], "texture": "#0", "tintindex": 0},
				"east": {"uv": [4.75, 4.75, 6.5, 4.75], "texture": "#0", "tintindex": 0},
				"south": {"uv": [3.25, 4.75, 4.75, 4.75], "texture": "#0", "tintindex": 0},
				"west": {"uv": [1.5, 4.75, 3.25, 4.75], "texture": "#0", "tintindex": 0},
				"up": {"uv": [3.25, 4.75, 1.5, 3.25], "rotation": 270, "texture": "#0", "tintindex": 0},
				"down": {"uv": [5, 3.25, 3.25, 4.75], "rotation": 90, "texture": "#0", "tintindex": 0}
			}
		},
		{
			"from": [0.0497, 5.12132, 2.5],
			"to": [6.0497, 5.13132, 9.5],
			"rotation": {"angle": 0, "axis": "z", "origin": [5.87812, 5.12632, 6]},
			"faces": {
				"north": {"uv": [9.75, 1.5, 11.25, 1.5], "texture": "#0", "tintindex": 0},
				"east": {"uv": [8, 1.5, 9.75, 1.5], "texture": "#0", "tintindex": 0},
				"south": {"uv": [6.5, 1.5, 8, 1.5], "texture": "#0", "tintindex": 0},
				"west": {"uv": [11.25, 1.5, 13, 1.5], "texture": "#0", "tintindex": 0},
				"up": {"uv": [9.75, 1.5, 8, 0], "rotation": 90, "texture": "#0", "tintindex": 0},
				"down": {"uv": [11.5, 0, 9.75, 1.5], "rotation": 270, "texture": "#0", "tintindex": 0}
			}
		},
		{
			"from": [7.49944, -1, 2],
			"to": [8.49944, 3, 3],
			"rotation": {"angle": 0, "axis": "y", "origin": [7.99944, 0, 6.005]},
			"faces": {
				"north": {"uv": [0.25, 6.75, 0.5, 7.75], "texture": "#0", "tintindex": 0},
				"east": {"uv": [0, 6.75, 0.25, 7.75], "texture": "#0", "tintindex": 0},
				"south": {"uv": [0.75, 6.75, 1, 7.75], "texture": "#0", "tintindex": 0},
				"west": {"uv": [0.5, 6.75, 0.75, 7.75], "texture": "#0", "tintindex": 0},
				"up": {"uv": [0.5, 6.75, 0.25, 6.5], "texture": "#0", "tintindex": 0},
				"down": {"uv": [0.75, 6.5, 0.5, 6.75], "texture": "#0", "tintindex": 0}
			}
		},
		{
			"from": [7.99944, -5, 2],
			"to": [8.00944, -1, 6],
			"rotation": {"angle": 0, "axis": "y", "origin": [7.99944, 0, 6.005]},
			"faces": {
				"north": {"uv": [7.5, 4.25, 7.5, 5.25], "texture": "#0", "tintindex": 0},
				"east": {"uv": [6.5, 4.25, 7.5, 5.25], "texture": "#0", "tintindex": 0},
				"south": {"uv": [8.5, 4.25, 8.5, 5.25], "texture": "#0", "tintindex": 0},
				"west": {"uv": [7.5, 4.25, 8.5, 5.25], "texture": "#0", "tintindex": 0},
				"up": {"uv": [7.5, 4.25, 7.5, 3.25], "texture": "#0", "tintindex": 0},
				"down": {"uv": [7.5, 3.25, 7.5, 4.25], "texture": "#0", "tintindex": 0}
			}
		},
		{
			"from": [6.49944, 1, 11],
			"to": [9.49944, 4, 13],
			"rotation": {"angle": 0, "axis": "y", "origin": [7.99944, 0, 6.005]},
			"faces": {
				"north": {"uv": [0.5, 5.75, 1.25, 6.5], "texture": "#0", "tintindex": 0},
				"east": {"uv": [0, 5.75, 0.5, 6.5], "texture": "#0", "tintindex": 0},
				"south": {"uv": [1.75, 5.75, 2.5, 6.5], "texture": "#0", "tintindex": 0},
				"west": {"uv": [1.25, 5.75, 1.75, 6.5], "texture": "#0", "tintindex": 0},
				"up": {"uv": [1.25, 5.75, 0.5, 5.25], "texture": "#0", "tintindex": 0},
				"down": {"uv": [2, 5.25, 1.25, 5.75], "texture": "#0", "tintindex": 0}
			}
		}
	],
	"display": {
		"thirdperson_righthand": {
			"rotation": [75, 45, 0],
			"translation": [0, 2.5, 0],
			"scale": [0.375, 0.375, 0.375]
		},
		"thirdperson_lefthand": {
			"rotation": [75, 45, 0],
			"translation": [0, 2.5, 0],
			"scale": [0.375, 0.375, 0.375]
		},
		"firstperson_righthand": {
			"rotation": [0, 45, 0],
			"scale": [0.4, 0.4, 0.4]
		},
		"firstperson_lefthand": {
			"rotation": [0, 225, 0],
			"scale": [0.4, 0.4, 0.4]
		},
		"ground": {
			"translation": [0, 3, 0],
			"scale": [0.25, 0.25, 0.25]
		},
		"gui": {
			"rotation": [30, 225, 0],
			"scale": [0.625, 0.625, 0.625]
		},
		"head": {
			"translation": [0, -22.75, 0],
			"scale": [1.65, 1.65, 1.65]
		},
		"fixed": {
			"rotation": [-90, 0, 0],
			"translation": [0, 0, -26],
			"scale": [2, 2, 2]
		}
	},
	"groups": [
		{
			"name": "Entire",
			"origin": [8, 8, 8],
			"children": [0, 1, 2, 3, 4, 5, 6, 7, 8]
		}
	]
}
