{
	"textures": {
		"0": "dnd:entity/ambermancer/amber_dragonfly_idle"
	},
	"elements": [
		{
			"from": [5.5, 0, 0],
			"to": [10.5, 5, 8],
			"rotation": {"angle": 0, "axis": "y", "origin": [13.5, 8, 8]},
			"faces": {
				"north": {"uv": [2, 4, 3.25, 5.25], "texture": "#0", "tintindex": 0},
				"east": {"uv": [0, 4, 2, 5.25], "texture": "#0", "tintindex": 0},
				"south": {"uv": [5.25, 4, 6.5, 5.25], "texture": "#0", "tintindex": 0},
				"west": {"uv": [3.25, 4, 5.25, 5.25], "texture": "#0", "tintindex": 0},
				"up": {"uv": [3.25, 4, 2, 2], "texture": "#0", "tintindex": 0},
				"down": {"uv": [4.5, 2, 3.25, 4], "texture": "#0", "tintindex": 0}
			}
		},
		{
			"from": [5.5, -1, 5],
			"to": [10.5, 0, 5],
			"rotation": {"angle": -22.5, "axis": "x", "origin": [8, 0, 5]},
			"faces": {
				"north": {"uv": [0, 5.75, 1.25, 6], "texture": "#0", "tintindex": 0},
				"east": {"uv": [0, 5.75, 0, 6], "texture": "#0", "tintindex": 0},
				"south": {"uv": [1.25, 5.75, 2.5, 6], "texture": "#0", "tintindex": 0},
				"west": {"uv": [1.25, 5.75, 1.25, 6], "texture": "#0", "tintindex": 0},
				"up": {"uv": [1.25, 5.75, 0, 5.75], "texture": "#0", "tintindex": 0},
				"down": {"uv": [2.5, 5.75, 1.25, 5.75], "texture": "#0", "tintindex": 0}
			}
		},
		{
			"from": [5.5, -1, 8],
			"to": [10.5, 0, 8],
			"rotation": {"angle": -22.5, "axis": "x", "origin": [8, 0, 8]},
			"faces": {
				"north": {"uv": [0, 5.5, 1.25, 5.75], "texture": "#0", "tintindex": 0},
				"east": {"uv": [0, 5.5, 0, 5.75], "texture": "#0", "tintindex": 0},
				"south": {"uv": [1.25, 5.5, 2.5, 5.75], "texture": "#0", "tintindex": 0},
				"west": {"uv": [1.25, 5.5, 1.25, 5.75], "texture": "#0", "tintindex": 0},
				"up": {"uv": [1.25, 5.5, 0, 5.5], "texture": "#0", "tintindex": 0},
				"down": {"uv": [2.5, 5.5, 1.25, 5.5], "texture": "#0", "tintindex": 0}
			}
		},
		{
			"from": [5.5, -1, 2],
			"to": [10.5, 0, 2],
			"rotation": {"angle": -22.5, "axis": "x", "origin": [8, 0, 2]},
			"faces": {
				"north": {"uv": [0, 5.25, 1.25, 5.5], "texture": "#0", "tintindex": 0},
				"east": {"uv": [0, 5.25, 0, 5.5], "texture": "#0", "tintindex": 0},
				"south": {"uv": [1.25, 5.25, 2.5, 5.5], "texture": "#0", "tintindex": 0},
				"west": {"uv": [1.25, 5.25, 1.25, 5.5], "texture": "#0", "tintindex": 0},
				"up": {"uv": [1.25, 5.25, 0, 5.25], "texture": "#0", "tintindex": 0},
				"down": {"uv": [2.5, 5.25, 1.25, 5.25], "texture": "#0", "tintindex": 0}
			}
		},
		{
			"from": [9.5, 5, 1],
			"to": [17.5, 5.01, 9],
			"rotation": {"angle": 0, "axis": "z", "origin": [9.5, 5.005, 5]},
			"faces": {
				"north": {"uv": [10, 2, 12, 2], "texture": "#0", "tintindex": 0},
				"east": {"uv": [8, 2, 10, 2], "texture": "#0", "tintindex": 0},
				"south": {"uv": [14, 2, 16, 2], "texture": "#0", "tintindex": 0},
				"west": {"uv": [12, 2, 14, 2], "texture": "#0", "tintindex": 0},
				"up": {"uv": [12, 2, 10, 0], "texture": "#0", "tintindex": 0},
				"down": {"uv": [14, 0, 12, 2], "texture": "#0", "tintindex": 0}
			}
		},
		{
			"from": [-1.5, 5, 1],
			"to": [6.5, 5.01, 9],
			"rotation": {"angle": 0, "axis": "z", "origin": [6.5, 5.005, 5]},
			"faces": {
				"north": {"uv": [2, 2, 4, 2], "texture": "#0", "tintindex": 0},
				"east": {"uv": [0, 2, 2, 2], "texture": "#0", "tintindex": 0},
				"south": {"uv": [6, 2, 8, 2], "texture": "#0", "tintindex": 0},
				"west": {"uv": [4, 2, 6, 2], "texture": "#0", "tintindex": 0},
				"up": {"uv": [4, 2, 2, 0], "texture": "#0", "tintindex": 0},
				"down": {"uv": [6, 0, 4, 2], "texture": "#0", "tintindex": 0}
			}
		},
		{
			"from": [7.5, 0, -1],
			"to": [8.5, 4, 0],
			"rotation": {"angle": 0, "axis": "y", "origin": [13.5, 8, 8]},
			"faces": {
				"north": {"uv": [2.75, 5.5, 3, 6.5], "texture": "#0", "tintindex": 0},
				"east": {"uv": [2.5, 5.5, 2.75, 6.5], "texture": "#0", "tintindex": 0},
				"south": {"uv": [3.25, 5.5, 3.5, 6.5], "texture": "#0", "tintindex": 0},
				"west": {"uv": [3, 5.5, 3.25, 6.5], "texture": "#0", "tintindex": 0},
				"up": {"uv": [3, 5.5, 2.75, 5.25], "texture": "#0", "tintindex": 0},
				"down": {"uv": [3.25, 5.25, 3, 5.5], "texture": "#0", "tintindex": 0}
			}
		},
		{
			"from": [6.5, 1, 8],
			"to": [9.5, 4, 16],
			"rotation": {"angle": 0, "axis": "y", "origin": [13.5, 8, 8]},
			"faces": {
				"north": {"uv": [8.5, 4, 9.25, 4.75], "texture": "#0", "tintindex": 0},
				"east": {"uv": [6.5, 4, 8.5, 4.75], "texture": "#0", "tintindex": 0},
				"south": {"uv": [11.25, 4, 12, 4.75], "texture": "#0", "tintindex": 0},
				"west": {"uv": [9.25, 4, 11.25, 4.75], "texture": "#0", "tintindex": 0},
				"up": {"uv": [9.25, 4, 8.5, 2], "texture": "#0", "tintindex": 0},
				"down": {"uv": [10, 2, 9.25, 4], "texture": "#0", "tintindex": 0}
			}
		}
	],
	"display": {
		"thirdperson_righthand": {
			"rotation": [75, 45, 0],
			"translation": [0, 2.5, 0],
			"scale": [0.375, 0.375, 0.375]
		},
		"thirdperson_lefthand": {
			"rotation": [75, 45, 0],
			"translation": [0, 2.5, 0],
			"scale": [0.375, 0.375, 0.375]
		},
		"firstperson_righthand": {
			"rotation": [0, 45, 0],
			"scale": [0.4, 0.4, 0.4]
		},
		"firstperson_lefthand": {
			"rotation": [0, 225, 0],
			"scale": [0.4, 0.4, 0.4]
		},
		"ground": {
			"translation": [0, 3, 0],
			"scale": [0.25, 0.25, 0.25]
		},
		"gui": {
			"rotation": [30, 225, 0],
			"scale": [0.625, 0.625, 0.625]
		},
		"head": {
			"translation": [0, -29.25, 2.5],
			"scale": [1.65, 1.65, 1.65]
		},
		"fixed": {
			"rotation": [-90, 0, 0],
			"translation": [0, 0, -26],
			"scale": [2, 2, 2]
		}
	},
	"groups": [
		{
			"name": "Entire",
			"origin": [8, 8, 8],
			"children": [0, 1, 2, 3, 4, 5, 6, 7]
		}
	]
}
