{
	"textures": {
		"0": "dnd:entity/ambermancer/ambermancer_idle"
	},
	"elements": [
		{
			"name": "head",
			"from": [4, 8, 3],
			"to": [12, 18, 11],
			"rotation": {"angle": 0, "axis": "y", "origin": [8, 3.86497, 5.77407]},
			"faces": {
				"north": {"uv": [4.5, 1, 5.5, 2.25], "texture": "#0", "tintindex": 0},
				"east": {"uv": [3.5, 1, 4.5, 2.25], "texture": "#0", "tintindex": 0},
				"south": {"uv": [6.5, 1, 7.5, 2.25], "texture": "#0", "tintindex": 0},
				"west": {"uv": [5.5, 1, 6.5, 2.25], "texture": "#0", "tintindex": 0},
				"up": {"uv": [5.5, 1, 4.5, 0], "texture": "#0", "tintindex": 0},
				"down": {"uv": [6.5, 0, 5.5, 1], "texture": "#0", "tintindex": 0}
			}
		},
		{
			"name": "nose",
			"from": [7, 7, 1],
			"to": [9, 11, 3],
			"rotation": {"angle": 0, "axis": "y", "origin": [8, 1.86497, 5.77407]},
			"faces": {
				"north": {"uv": [4.25, 7.75, 4.5, 8.25], "texture": "#0", "tintindex": 0},
				"east": {"uv": [4, 7.75, 4.25, 8.25], "texture": "#0", "tintindex": 0},
				"south": {"uv": [4.75, 7.75, 5, 8.25], "texture": "#0", "tintindex": 0},
				"west": {"uv": [4.5, 7.75, 4.75, 8.25], "texture": "#0", "tintindex": 0},
				"up": {"uv": [4.5, 7.75, 4.25, 7.5], "texture": "#0", "tintindex": 0},
				"down": {"uv": [4.75, 7.5, 4.5, 7.75], "texture": "#0", "tintindex": 0}
			}
		},
		{
			"name": "beard",
			"from": [5, 9, 2],
			"to": [11, 10, 3],
			"rotation": {"angle": 0, "axis": "y", "origin": [8, 1.86497, 5.77407]},
			"faces": {
				"north": {"uv": [0.125, 9.125, 0.875, 9.25], "texture": "#0", "tintindex": 0},
				"east": {"uv": [0, 9.125, 0.125, 9.25], "texture": "#0", "tintindex": 0},
				"south": {"uv": [1, 9.125, 1.75, 9.25], "texture": "#0", "tintindex": 0},
				"west": {"uv": [0.875, 9.125, 1, 9.25], "texture": "#0", "tintindex": 0},
				"up": {"uv": [0.875, 9.125, 0.125, 9], "texture": "#0", "tintindex": 0},
				"down": {"uv": [1.625, 9, 0.875, 9.125], "texture": "#0", "tintindex": 0}
			}
		},
		{
			"name": "beard",
			"from": [10, 8, 2],
			"to": [11, 9, 3],
			"rotation": {"angle": 0, "axis": "y", "origin": [8, 1.86497, 5.77407]},
			"faces": {
				"north": {"uv": [0.125, 9.375, 0.25, 9.5], "texture": "#0", "tintindex": 0},
				"east": {"uv": [0, 9.375, 0.125, 9.5], "texture": "#0", "tintindex": 0},
				"south": {"uv": [0.375, 9.375, 0.5, 9.5], "texture": "#0", "tintindex": 0},
				"west": {"uv": [0.25, 9.375, 0.375, 9.5], "texture": "#0", "tintindex": 0},
				"up": {"uv": [0.25, 9.375, 0.125, 9.25], "texture": "#0", "tintindex": 0},
				"down": {"uv": [0.375, 9.25, 0.25, 9.375], "texture": "#0", "tintindex": 0}
			}
		},
		{
			"name": "beard",
			"from": [5, 8, 2],
			"to": [6, 9, 3],
			"rotation": {"angle": 0, "axis": "y", "origin": [3, 1.86497, 5.77407]},
			"faces": {
				"north": {"uv": [0.125, 9.375, 0.25, 9.5], "texture": "#0", "tintindex": 0},
				"east": {"uv": [0, 9.375, 0.125, 9.5], "texture": "#0", "tintindex": 0},
				"south": {"uv": [0.375, 9.375, 0.5, 9.5], "texture": "#0", "tintindex": 0},
				"west": {"uv": [0.25, 9.375, 0.375, 9.5], "texture": "#0", "tintindex": 0},
				"up": {"uv": [0.25, 9.375, 0.125, 9.25], "texture": "#0", "tintindex": 0},
				"down": {"uv": [0.375, 9.25, 0.25, 9.375], "texture": "#0", "tintindex": 0}
			}
		},
		{
			"name": "beard",
			"from": [5, 6, 2],
			"to": [11, 8, 3],
			"rotation": {"angle": 0, "axis": "y", "origin": [3, 0.86497, 5.77407]},
			"faces": {
				"north": {"uv": [0.125, 9.625, 0.875, 9.875], "texture": "#0", "tintindex": 0},
				"east": {"uv": [0, 9.625, 0.125, 9.875], "texture": "#0", "tintindex": 0},
				"south": {"uv": [1, 9.625, 1.75, 9.875], "texture": "#0", "tintindex": 0},
				"west": {"uv": [0.875, 9.625, 1, 9.875], "texture": "#0", "tintindex": 0},
				"up": {"uv": [0.875, 9.625, 0.125, 9.5], "texture": "#0", "tintindex": 0},
				"down": {"uv": [1.625, 9.5, 0.875, 9.625], "texture": "#0", "tintindex": 0}
			}
		},
		{
			"from": [2, 13, 1],
			"to": [14, 15, 13],
			"rotation": {"angle": 0, "axis": "y", "origin": [10, 21, 9]},
			"faces": {
				"north": {"uv": [7.5, 1.5, 9, 1.75], "texture": "#0", "tintindex": 0},
				"east": {"uv": [9, 1.75, 10.5, 2], "texture": "#0", "tintindex": 0},
				"south": {"uv": [7.5, 1.5, 9, 1.75], "texture": "#0", "tintindex": 0},
				"west": {"uv": [9, 1.5, 10.5, 1.75], "texture": "#0", "tintindex": 0},
				"up": {"uv": [7.5, 0, 9, 1.5], "rotation": 180, "texture": "#0", "tintindex": 0},
				"down": {"uv": [9, 0, 10.5, 1.5], "texture": "#0", "tintindex": 0}
			}
		},
		{
			"from": [3, 15, 2.975],
			"to": [13, 18.025, 11.025],
			"rotation": {"angle": 0, "axis": "y", "origin": [10, 23, 9]},
			"faces": {
				"north": {"uv": [7.5, 2.875, 8.75, 3.253], "texture": "#0", "tintindex": 0},
				"east": {"uv": [8.75, 2.75, 9.75613, 3.128], "texture": "#0", "tintindex": 0},
				"south": {"uv": [7.5, 2.875, 8.75, 3.253], "texture": "#0", "tintindex": 0},
				"west": {"uv": [8.75, 2.75, 9.75613, 3.128], "texture": "#0", "tintindex": 0},
				"up": {"uv": [7.5, 1.75, 8.75, 2.75613], "texture": "#0", "tintindex": 0},
				"down": {"uv": [0, 0, 1.25, 1.00625], "texture": "#0", "tintindex": 0}
			}
		},
		{
			"from": [7, 18, 5.975],
			"to": [9, 19, 7.975],
			"rotation": {"angle": 0, "axis": "y", "origin": [14, 26, 12]},
			"faces": {
				"north": {"uv": [7.5, 3.375, 7.75, 3.5], "texture": "#0", "tintindex": 0},
				"east": {"uv": [7.5, 3.25, 7.75, 3.375], "texture": "#0", "tintindex": 0},
				"south": {"uv": [7.5, 3.375, 7.75, 3.5], "texture": "#0", "tintindex": 0},
				"west": {"uv": [7.5, 3.25, 7.75, 3.375], "texture": "#0", "tintindex": 0},
				"up": {"uv": [7.5, 3.25, 7.75, 3.5], "texture": "#0", "tintindex": 0},
				"down": {"uv": [7.5, 3.25, 7.75, 3.5], "rotation": 90, "texture": "#0", "tintindex": 0}
			}
		},
		{
			"name": "body",
			"from": [3.5, -11.5, 3.5],
			"to": [12.5, 8.5, 10.5],
			"rotation": {"angle": 0, "axis": "y", "origin": [8, 1.86497, 5.77407]},
			"faces": {
				"north": {"uv": [0.75, 0.75, 1.75, 3.25], "texture": "#0", "tintindex": 0},
				"east": {"uv": [0, 0.75, 0.75, 3.25], "texture": "#0", "tintindex": 0},
				"south": {"uv": [2.5, 0.75, 3.5, 3.25], "texture": "#0", "tintindex": 0},
				"west": {"uv": [1.75, 0.75, 2.5, 3.25], "texture": "#0", "tintindex": 0},
				"up": {"uv": [1.75, 0.75, 0.75, 0], "texture": "#0", "tintindex": 0},
				"down": {"uv": [2.75, 0, 1.75, 0.75], "texture": "#0", "tintindex": 0}
			}
		},
		{
			"name": "body",
			"from": [4, -4, 4],
			"to": [12, 8, 10],
			"rotation": {"angle": 0, "axis": "y", "origin": [8, 1.86497, 5.77407]},
			"faces": {
				"north": {"uv": [0.75, 4, 1.75, 5.5], "texture": "#0", "tintindex": 0},
				"east": {"uv": [0, 4, 0.75, 5.5], "texture": "#0", "tintindex": 0},
				"south": {"uv": [2.5, 4, 3.5, 5.5], "texture": "#0", "tintindex": 0},
				"west": {"uv": [1.75, 4, 2.5, 5.5], "texture": "#0", "tintindex": 0},
				"up": {"uv": [1.75, 4, 0.75, 3.25], "texture": "#0", "tintindex": 0},
				"down": {"uv": [2.75, 3.25, 1.75, 4], "texture": "#0", "tintindex": 0}
			}
		},
		{
			"name": "leg0",
			"from": [4, -16, 5],
			"to": [8, -4, 9],
			"rotation": {"angle": 0, "axis": "y", "origin": [8, 1.86497, 5.77407]},
			"faces": {
				"north": {"uv": [5.5, 6, 6, 7.5], "texture": "#0", "tintindex": 0},
				"east": {"uv": [5, 6, 5.5, 7.5], "texture": "#0", "tintindex": 0},
				"south": {"uv": [6.5, 6, 7, 7.5], "texture": "#0", "tintindex": 0},
				"west": {"uv": [6, 6, 6.5, 7.5], "texture": "#0", "tintindex": 0},
				"up": {"uv": [6, 6, 5.5, 5.5], "texture": "#0", "tintindex": 0},
				"down": {"uv": [6.5, 5.5, 6, 6], "texture": "#0", "tintindex": 0}
			}
		},
		{
			"name": "leg1",
			"from": [8, -16, 5],
			"to": [12, -4, 9],
			"rotation": {"angle": 0, "axis": "y", "origin": [8, 1.86497, 5.77407]},
			"faces": {
				"north": {"uv": [3.5, 6, 4, 7.5], "texture": "#0", "tintindex": 0},
				"east": {"uv": [3, 6, 3.5, 7.5], "texture": "#0", "tintindex": 0},
				"south": {"uv": [4.5, 6, 5, 7.5], "texture": "#0", "tintindex": 0},
				"west": {"uv": [4, 6, 4.5, 7.5], "texture": "#0", "tintindex": 0},
				"up": {"uv": [4, 6, 3.5, 5.5], "texture": "#0", "tintindex": 0},
				"down": {"uv": [4.5, 5.5, 4, 6], "texture": "#0", "tintindex": 0}
			}
		},
		{
			"name": "arms",
			"from": [12, -0.73478, 0.77422],
			"to": [16, 7.26522, 4.77422],
			"rotation": {"angle": 45, "axis": "x", "origin": [8, 1.86497, 5.77407]},
			"faces": {
				"north": {"uv": [2.5, 8, 3, 9], "texture": "#0", "tintindex": 0},
				"east": {"uv": [2, 8, 2.5, 9], "texture": "#0", "tintindex": 0},
				"south": {"uv": [3.5, 8, 4, 9], "texture": "#0", "tintindex": 0},
				"west": {"uv": [3, 8, 3.5, 9], "texture": "#0", "tintindex": 0},
				"up": {"uv": [3, 8, 2.5, 7.5], "texture": "#0", "tintindex": 0},
				"down": {"uv": [3.5, 7.5, 3, 8], "texture": "#0", "tintindex": 0}
			}
		},
		{
			"name": "arms",
			"from": [0, -0.73478, 0.77422],
			"to": [4, 7.26522, 4.77422],
			"rotation": {"angle": 45, "axis": "x", "origin": [8, 1.86497, 5.77407]},
			"faces": {
				"north": {"uv": [0.5, 8, 1, 9], "texture": "#0", "tintindex": 0},
				"east": {"uv": [0, 8, 0.5, 9], "texture": "#0", "tintindex": 0},
				"south": {"uv": [1.5, 8, 2, 9], "texture": "#0", "tintindex": 0},
				"west": {"uv": [1, 8, 1.5, 9], "texture": "#0", "tintindex": 0},
				"up": {"uv": [1, 8, 0.5, 7.5], "texture": "#0", "tintindex": 0},
				"down": {"uv": [1.5, 7.5, 1, 8], "texture": "#0", "tintindex": 0}
			}
		},
		{
			"name": "arms",
			"from": [4, -0.73478, 0.77422],
			"to": [12, 3.26522, 4.77422],
			"rotation": {"angle": 45, "axis": "x", "origin": [8, 1.86497, 5.77407]},
			"faces": {
				"north": {"uv": [0.5, 6, 1.5, 6.5], "texture": "#0", "tintindex": 0},
				"east": {"uv": [0, 6, 0.5, 6.5], "texture": "#0", "tintindex": 0},
				"south": {"uv": [2, 6, 3, 6.5], "texture": "#0", "tintindex": 0},
				"west": {"uv": [1.5, 6, 2, 6.5], "texture": "#0", "tintindex": 0},
				"up": {"uv": [1.5, 6, 0.5, 5.5], "texture": "#0", "tintindex": 0},
				"down": {"uv": [2.5, 5.5, 1.5, 6], "texture": "#0", "tintindex": 0}
			}
		},
		{
			"name": "rightarm",
			"from": [-7.5, 6.5, 5],
			"to": [4.5, 10.5, 9],
			"rotation": {"angle": -45, "axis": "z", "origin": [3.5, 7, 7]},
			"faces": {
				"north": {"uv": [6, 3.75, 6.5, 5.25], "rotation": 270, "texture": "#0", "tintindex": 0},
				"east": {"uv": [6.5, 3.75, 6, 3.25], "rotation": 90, "texture": "#0", "tintindex": 0},
				"south": {"uv": [7, 3.75, 7.5, 5.25], "rotation": 90, "texture": "#0", "tintindex": 0},
				"west": {"uv": [7, 3.25, 6.5, 3.75], "rotation": 90, "texture": "#0", "tintindex": 0},
				"up": {"uv": [6.5, 3.75, 7, 5.25], "rotation": 90, "texture": "#0", "tintindex": 0},
				"down": {"uv": [5.5, 3.75, 6, 5.25], "rotation": 90, "texture": "#0", "tintindex": 0}
			}
		},
		{
			"name": "leftarm",
			"from": [11.5, 6.5, 5],
			"to": [23.5, 10.5, 9],
			"rotation": {"angle": 45, "axis": "z", "origin": [12.5, 7, 7]},
			"faces": {
				"north": {"uv": [4, 3.75, 4.5, 5.25], "rotation": 90, "texture": "#0", "tintindex": 0},
				"east": {"uv": [5, 3.25, 4.5, 3.75], "rotation": 270, "texture": "#0", "tintindex": 0},
				"south": {"uv": [5, 3.75, 5.5, 5.25], "rotation": 270, "texture": "#0", "tintindex": 0},
				"west": {"uv": [4.5, 3.75, 4, 3.25], "rotation": 270, "texture": "#0", "tintindex": 0},
				"up": {"uv": [3.5, 3.75, 4, 5.25], "rotation": 270, "texture": "#0", "tintindex": 0},
				"down": {"uv": [4.5, 3.75, 5, 5.25], "rotation": 270, "texture": "#0", "tintindex": 0}
			}
		}
	],
	"display": {
		"thirdperson_righthand": {
			"rotation": [75, 45, 0],
			"translation": [0, 2.5, 0],
			"scale": [0.375, 0.375, 0.375]
		},
		"thirdperson_lefthand": {
			"rotation": [75, 45, 0],
			"translation": [0, 2.5, 0],
			"scale": [0.375, 0.375, 0.375]
		},
		"firstperson_righthand": {
			"rotation": [0, 45, 0],
			"scale": [0.4, 0.4, 0.4]
		},
		"firstperson_lefthand": {
			"rotation": [0, 225, 0],
			"scale": [0.4, 0.4, 0.4]
		},
		"ground": {
			"translation": [0, 3, 0],
			"scale": [0.25, 0.25, 0.25]
		},
		"gui": {
			"rotation": [30, 225, 0],
			"scale": [0.625, 0.625, 0.625]
		},
		"head": {
			"translation": [0, -29.25, 2.5],
			"scale": [1.65, 1.65, 1.65]
		},
		"fixed": {
			"rotation": [-90, 0, 0],
			"translation": [0, 0, -26],
			"scale": [2, 2, 2]
		}
	},
	"groups": [
		{
			"name": "Entire",
			"origin": [8, 8, 8],
			"children": [
				{
					"name": "Head",
					"origin": [8, 8, 8],
					"children": [0, 1, 2, 3, 4, 5,
						{
							"name": "Hat",
							"origin": [8, 8, 8],
							"children": [6, 7, 8]
						}
					]
				},
				{
					"name": "Body",
					"origin": [8, 8, 8],
					"children": [9, 10]
				},
				{
					"name": "Limbs",
					"origin": [8, 8, 8],
					"children": [11, 12,
						{
							"name": "Arms",
							"origin": [8, 8, 8],
							"children": [
								{
									"name": "Closed",
									"origin": [8, 8, 8],
									"children": [13, 14, 15]
								},
								{
									"name": "Open",
									"origin": [8, 8, 8],
									"children": [16, 17]
								}
							]
						}
					]
				}
			]
		}
	]
}
