{
  "pools": [
    {
      "rolls": 1,
      "entries": [
        {
          "type": "minecraft:loot_table",
          "name": "dnd:gameplay/paleontology/ice/frozen_meats",
          "weight": 1,
          "conditions": [
            {
              "condition": "minecraft:value_check",
              "value": {
                "type": "minecraft:score",
                "target": {
                  "type": "minecraft:fixed",
                  "name": "doFossilAccuracy"
                },
                "score": "dnd.config"
              },
              "range": 1
            }
          ]
        },
        {
          "type": "minecraft:loot_table",
          "name": "dnd:gameplay/frozen_meats/pristine_frozen_meat",
          "weight": 1,
          "conditions": [
            {
              "condition": "minecraft:value_check",
              "value": {
                "type": "minecraft:score",
                "target": {
                  "type": "minecraft:fixed",
                  "name": "doFossilAccuracy"
                },
                "score": "dnd.config"
              },
              "range": 0
            }
          ]
        }
      ]
    }
  ]
}
