{
  "pools": [
    {
      "rolls": 1,
      "entries": [
        {
          "type": "minecraft:item",
          "weight": 70,
          "name": "minecraft:bone_block"
        },
        {
          "type": "minecraft:item",
          "weight": 90,
          "name": "minecraft:bone"
        },
        {
          "type": "minecraft:item",
          "weight": 20,
          "name": "minecraft:cod"
        },
        {
          "type": "minecraft:item",
          "weight": 30,
          "name": "minecraft:salmon"
        },
        {
          "type": "minecraft:item",
          "weight": 50,
          "name": "minecraft:bone_meal"
        },
        {
          "type": "minecraft:item",
          "weight": 30,
          "name": "minecraft:ink_sac"
        }
      ]
    }
  ]
}
