{
  "pools": [
    {
      "rolls": 1,
      "entries": [
        {
          "type": "minecraft:loot_table",
          "weight": 80,
          "name": "dnd:gameplay/paleontology/ice/junk"
        },
        {
          "type": "minecraft:loot_table",
          "weight": 19,
          "name": "dnd:gameplay/paleontology/ice/frozen_meat"
        },
        {
          "type": "minecraft:loot_table",
          "weight": 1,
          "name": "dnd:gameplay/paleontology/ice/treasure"
        }
      ]
    }
  ]
}
