{
  "type": "minecraft:block",
  "pools": [
    {
      "rolls": 1,
      "entries": [
        {
          "type": "minecraft:alternatives",
          "children": [
            {
              "type": "minecraft:loot_table",
              "name": "dnd:items/petrified_planks",
              "conditions": [
                {
                  "condition": "minecraft:block_state_property",
                  "block": "minecraft:petrified_oak_slab",
                  "properties": {
                    "type": "double"
                  }
                }
              ]
            },
            {
              "type": "minecraft:loot_table",
              "name": "dnd:items/petrified_slab"
            }
          ],
          "functions": [
            {
              "function": "minecraft:explosion_decay"
            }
          ]
        }
      ]
    }
  ]
}
