{
  "type": "minecraft:entity",
  "pools": [
    {
      "rolls": 1,
      "entries": [
        {
          "type": "item",
          "name": "minecraft:structure_block",
          "weight": 1,
          "functions": [
            {
              "function": "minecraft:set_nbt",
              "tag": "{CustomModelData:400002,dnd:{id:\"dna_vial\"}}"
            },
            {
              "function": "minecraft:set_name",
              "name": {
                "translate": "item.dnd.dna_vial",
                "color": "white",
                "italic": false
              }
            },
            {
              "function": "minecraft:set_lore",
              "lore": [
                {
                  "translate": "lore.dnd.structure",
                  "color": "gray",
                  "italic": false
                },
                {
                  "translate": "lore.dnd.identifier",
                  "color": "gray",
                  "italic": false
                },
                "",
                {
                  "translate": "pack.dnd",
                  "color": "#FFAA00",
                  "italic": true
                }
              ]
            }
          ]
        }
      ]
    }
  ]
}
