{
  "pools": [
    {
      "rolls": 1,
      "entries": [
        {
          "type": "minecraft:item",
          "weight": 1,
          "functions": [
            {
              "function": "minecraft:set_nbt",
              "tag": "{CustomModelData:400002,HideFlags:68,Unbreakable:1b,RepairCost:100,dnd:{id:\"embryo_needle\"}}"
            },
            {
              "function": "minecraft:set_name",
              "name": {
                "translate": "item.dnd.bat_embryo",
                "italic": false
              }
            },
            {
              "function": "minecraft:set_lore",
              "lore": [
                {
                  "translate": "pack.dnd",
                  "color": "#FFAA00",
                  "italic": true
                }
              ]
            }
          ],
          "name": "minecraft:carrot_on_a_stick"
        }
      ]
    }
  ]
}
