{
  "type": "minecraft:entity",
  "pools": [
    {
      "rolls": 1,
      "entries": [
        {
          "type": "minecraft:item",
          "name": "minecraft:paper",
          "functions": [
            {
              "function": "minecraft:set_lore",
              "entity": "this",
              "lore": [
                {
                  "translate": "lore.dnd.structure",
                  "color": "gray",
                  "italic": false,
                  "with": [
                    {
                      "nbt": "Items[{Slot:3b}].tag.dnd.genome.unique_data.CustomName",
                      "block": "~ ~ ~",
                      "interpret": true
                    }
                  ]
                },
                {
                  "translate": "lore.dnd.identifier",
                  "color": "gray",
                  "italic": false,
                  "with": [
                    {
                      "nbt": "root.temp.ancient_dna_source_data.lore",
                      "storage": "dnd:storage",
                      "interpret": true
                    }
                  ]
                },
                "",
                {
                  "translate": "pack.dnd",
                  "color": "#FFAA00",
                  "italic": true
                }
              ]
            },
            {
              "function": "minecraft:set_nbt",
              "tag": "{CustomModelData:400001,dnd:{id:\"genetic_schematic\"}}"
            },
            {
              "function": "minecraft:set_name",
              "name": {
                "translate": "item.dnd.genetic_schematic",
                "color": "white",
                "italic": false
              }
            }
          ]
        }
      ]
    }
  ]
}
