[
  {
    "function": "minecraft:copy_nbt",
    "source": {
      "type": "minecraft:storage",
      "source": "dnd:storage"
    },
    "ops": [
      {
        "source": "root.temp.item.tag",
        "target": "{}",
        "op": "merge"
      }
    ]
  },
  {
    "function": "minecraft:set_lore",
    "entity": "this",
    "lore": [
      {
        "translate": "lore.dnd.structure",
        "color": "gray",
        "italic": false,
        "with": [
          {
            "selector": "@s"
          }
        ]
      },
      {
        "translate": "lore.dnd.identifier",
        "color": "gray",
        "italic": false,
        "with": [
          {
            "nbt": "root.temp.identifier[1]",
            "storage": "dnd:storage",
            "interpret": true
          }
        ]
      },
      "",
      {
        "translate": "pack.dnd",
        "color": "#FFAA00",
        "italic": true
      }
    ],
    "replace": true
  },
  {
    "function": "minecraft:set_nbt",
    "tag": "{CustomModelData:400001}"
  }
]
