{
  "condition": "minecraft:alternative",
  "terms": [
    {
      "condition": "minecraft:entity_properties",
      "entity": "this",
      "predicate": {
        "equipment": {
          "head": {
            "nbt": "{dnd:{id:\"paleontologist_helmet\"}}"
          }
        }
      }
    },
    {
      "condition": "minecraft:entity_properties",
      "entity": "this",
      "predicate": {
        "equipment": {
          "chest": {
            "nbt": "{dnd:{id:\"paleontologist_chestplate\"}}"
          }
        }
      }
    },
    {
      "condition": "minecraft:entity_properties",
      "entity": "this",
      "predicate": {
        "equipment": {
          "legs": {
            "nbt": "{dnd:{id:\"paleontologist_leggings\"}}"
          }
        }
      }
    },
    {
      "condition": "minecraft:entity_properties",
      "entity": "this",
      "predicate": {
        "equipment": {
          "feet": {
            "nbt": "{dnd:{id:\"paleontologist_boots\"}}"
          }
        }
      }
    },
    {
      "condition": "minecraft:entity_properties",
      "entity": "this",
      "predicate": {
        "equipment": {
          "offhand": {
            "nbt": "{tcc:{id:\"ring\",gemstone:{id:\"dnd:amber\"}}}"
          }
        }
      }
    }
  ]
}
