{
    "type": "minecraft:fishing",
    "pools": [
        {
            "rolls": 1,
            "entries": [
                {
                    "type": "minecraft:alternatives",
                    "children": [
                        {
                            "type": "minecraft:loot_table",
                            "name": "dnd:items/amber",
                            "functions": [
                                {
                                    "function": "minecraft:apply_bonus",
                                    "enchantment": "minecraft:fortune",
                                    "formula": "minecraft:ore_drops"
                                },
                                {
                                    "function": "minecraft:explosion_decay"
                                }
                            ]
                        }
                    ]
                }
            ]
        }
    ]
}
