{
    "type": "minecraft:fishing",
    "pools": [
        {
            "rolls": 1,
            "entries": [
                {
                    "type": "minecraft:alternatives",
                    "children": [
                        {
                            "type": "minecraft:loot_table",
                            "name": "dnd:items/chiseled_petrified_log",
                            "conditions": [
                                {
                                    "condition": "minecraft:match_tool",
                                    "predicate": {
                                        "enchantments": [
                                            {
                                                "enchantment": "minecraft:silk_touch",
                                                "levels": {
                                                    "min": 1
                                                }
                                            }
                                        ]
                                    }
                                }
                            ]
                        }
                    ]
                }
            ]
        }
    ]
}
