{
  "parent": "dnd:technical/root",
  "criteria": {
    "click_cultivator": {
      "trigger": "minecraft:item_used_on_block",
      "conditions": {
        "location": {
          "block": {
            "blocks": [
              "minecraft:barrel"
            ],
            "nbt": "{CustomName:'{\"color\":\"white\",\"font\":\"dnd:gui\",\"translate\":\"block.dnd.cultivator.gui\",\"with\":[{\"color\":\"#3F3F3F\",\"font\":\"minecraft:default\",\"translate\":\"block.dnd.cultivator\"}]}'}"
          }
        }
      }
    },
    "click_extractor": {
      "trigger": "minecraft:item_used_on_block",
      "conditions": {
        "location": {
          "block": {
            "blocks": [
              "minecraft:barrel"
            ],
            "nbt": "{CustomName:'{\"color\":\"white\",\"font\":\"dnd:gui\",\"translate\":\"block.dnd.extractor.gui\",\"with\":[{\"color\":\"#3F3F3F\",\"font\":\"minecraft:default\",\"translate\":\"block.dnd.extractor\"}]}'}"
          }
        }
      }
    },
    "click_modifier": {
      "trigger": "minecraft:item_used_on_block",
      "conditions": {
        "location": {
          "block": {
            "blocks": [
              "minecraft:barrel"
            ],
            "nbt": "{CustomName:'{\"color\":\"white\",\"font\":\"dnd:gui\",\"translate\":\"block.dnd.modifier.gui\",\"with\":[{\"color\":\"#3F3F3F\",\"font\":\"minecraft:default\",\"translate\":\"block.dnd.modifier\"}]}'}"
          }
        }
      }
    }
  },
  "requirements": [
    [
      "click_cultivator",
      "click_extractor",
      "click_modifier"
    ]
  ],
  "rewards": {
    "function": "dnd:block/genetic_workstation/interact/enter_gui"
  }
}
