{
  "criteria": {
    "click_paleontology_table": {
      "trigger": "minecraft:item_used_on_block",
      "conditions": {
        "location": {
          "block": {
            "blocks": [
              "minecraft:barrel"
            ],
            "nbt": "{CustomName:'{\"color\":\"white\",\"font\":\"dnd:gui\",\"translate\":\"block.dnd.paleontology_table.gui\",\"with\":[{\"color\":\"#3F3F3F\",\"font\":\"minecraft:default\",\"translate\":\"block.dnd.paleontology_table\"}]}'}"
          }
        }
      }
    }
  },
  "rewards": {
    "function": "dnd:block/paleontology_table/interact/enter_gui"
  },
  "parent": "dnd:technical/root"
}
