{
  "parent": "dnd:revival/extractor",
  "display": {
    "icon": {
      "item": "minecraft:structure_block",
      "nbt": "{CustomModelData:400002}"
    },
    "title": {
      "translate": "advancements.dnd.revival.dna.title"
    },
    "description": {
      "translate": "advancements.dnd.revival.dna.description"
    },
    "frame": "task",
    "show_toast": true,
    "announce_to_chat": true,
    "hidden": false
  },
  "criteria": {
    "dna_vial": {
      "trigger": "minecraft:inventory_changed",
      "conditions": {
        "items": [
          {
            "items": [
              "minecraft:structure_block"
            ],
            "nbt": "{dnd:{id:\"dna_vial\"}}"
          }
        ]
      }
    }
  }
}
