{
  "parent": "dnd:revival/cultivator",
  "display": {
    "icon": {
      "item": "minecraft:carrot_on_a_stick",
      "nbt": "{CustomModelData:400002}"
    },
    "title": {
      "translate": "advancements.dnd.revival.embryo_needle.title"
    },
    "description": {
      "translate": "advancements.dnd.revival.embryo_needle.description"
    },
    "frame": "task",
    "show_toast": true,
    "announce_to_chat": true,
    "hidden": false
  },
  "criteria": {
    "impossible": {
      "trigger": "minecraft:impossible"
    }
  }
}
