{
  "parent": "dnd:revival/paleontology_table",
  "display": {
    "icon": {
      "item": "minecraft:barrel",
      "nbt": "{CustomModelData:400001}"
    },
    "title": {
      "translate": "advancements.dnd.revival.extractor.title"
    },
    "description": {
      "translate": "advancements.dnd.revival.extractor.description"
    },
    "frame": "task",
    "show_toast": true,
    "announce_to_chat": true,
    "hidden": false
  },
  "criteria": {
    "extractor": {
      "trigger": "minecraft:placed_block",
      "conditions": {
        "item": {
          "nbt": "{BlockEntityTag:{Items:[{tag:{dnd:{block:\"extractor\"}}}]}}"
        }
      }
    }
  }
}
