{
  "parent": "dnd:revival/root",
  "display": {
    "icon": {
      "item": "minecraft:iron_shovel"
    },
    "title": {
      "translate": "advancements.dnd.revival.fossil.title"
    },
    "description": {
      "translate": "advancements.dnd.revival.fossil.description"
    },
    "frame": "task",
    "show_toast": true,
    "announce_to_chat": true,
    "hidden": false
  },
  "criteria": {
    "fossil": {
      "trigger": "minecraft:inventory_changed",
      "conditions": {
        "items": [
          {
            "items": [
              "minecraft:bone"
            ],
            "nbt": "{dnd:{id:\"ancient_dna_source\",type:\"fossil\"}}"
          }
        ]
      }
    }
  }
}
