{
  "parent": "dnd:revival/fossil_collector",
  "display": {
    "icon": {
      "item": "minecraft:bone",
      "nbt": "{CustomModelData:402004}"
    },
    "title": {
      "translate": "advancements.dnd.revival.fossil_collector_5.title"
    },
    "description": {
      "translate": "advancements.dnd.revival.fossil_collector_5.description"
    },
    "frame": "challenge",
    "show_toast": true,
    "announce_to_chat": true,
    "hidden": true
  },
  "criteria": {
    "acrocanthosaurus": {
      "trigger": "minecraft:inventory_changed",
      "conditions": {
        "items": [
          {
            "items": [
              "minecraft:bone"
            ],
            "nbt": "{dnd:{id:\"ancient_dna_source\",accuracy:5,type:\"fossil\",genome:{id:\"dnd:acrocanthosaurus\"}}}"
          }
        ]
      }
    },
    "ankylosaurus": {
      "trigger": "minecraft:inventory_changed",
      "conditions": {
        "items": [
          {
            "items": [
              "minecraft:bone"
            ],
            "nbt": "{dnd:{id:\"ancient_dna_source\",accuracy:5,type:\"fossil\",genome:{id:\"dnd:ankylosaurus\"}}}"
          }
        ]
      }
    },
    "compsognathus": {
      "trigger": "minecraft:inventory_changed",
      "conditions": {
        "items": [
          {
            "items": [
              "minecraft:bone"
            ],
            "nbt": "{dnd:{id:\"ancient_dna_source\",accuracy:5,type:\"fossil\",genome:{id:\"dnd:compsognathus\"}}}"
          }
        ]
      }
    },
    "concavenator": {
      "trigger": "minecraft:inventory_changed",
      "conditions": {
        "items": [
          {
            "items": [
              "minecraft:bone"
            ],
            "nbt": "{dnd:{id:\"ancient_dna_source\",accuracy:5,type:\"fossil\",genome:{id:\"dnd:concavenator\"}}}"
          }
        ]
      }
    },
    "corythosaurus": {
      "trigger": "minecraft:inventory_changed",
      "conditions": {
        "items": [
          {
            "items": [
              "minecraft:bone"
            ],
            "nbt": "{dnd:{id:\"ancient_dna_source\",accuracy:5,type:\"fossil\",genome:{id:\"dnd:corythosaurus\"}}}"
          }
        ]
      }
    },
    "gallimimus": {
      "trigger": "minecraft:inventory_changed",
      "conditions": {
        "items": [
          {
            "items": [
              "minecraft:bone"
            ],
            "nbt": "{dnd:{id:\"ancient_dna_source\",accuracy:5,type:\"fossil\",genome:{id:\"dnd:gallimimus\"}}}"
          }
        ]
      }
    },
    "pachycephalosaurus": {
      "trigger": "minecraft:inventory_changed",
      "conditions": {
        "items": [
          {
            "items": [
              "minecraft:bone"
            ],
            "nbt": "{dnd:{id:\"ancient_dna_source\",accuracy:5,type:\"fossil\",genome:{id:\"dnd:pachycephalosaurus\"}}}"
          }
        ]
      }
    },
    "tyrannosaurus": {
      "trigger": "minecraft:inventory_changed",
      "conditions": {
        "items": [
          {
            "items": [
              "minecraft:bone"
            ],
            "nbt": "{dnd:{id:\"ancient_dna_source\",accuracy:5,type:\"fossil\",genome:{id:\"dnd:tyrannosaurus\"}}}"
          }
        ]
      }
    }
  }
}
