{
  "parent": "dnd:revival/fossil",
  "display": {
    "icon": {
      "item": "minecraft:netherite_shovel"
    },
    "title": {
      "translate": "advancements.dnd.revival.fossil_5.title"
    },
    "description": {
      "translate": "advancements.dnd.revival.fossil_5.description"
    },
    "frame": "task",
    "show_toast": true,
    "announce_to_chat": true,
    "hidden": false
  },
  "criteria": {
    "fossil_5": {
      "trigger": "minecraft:inventory_changed",
      "conditions": {
        "items": [
          {
            "items": [
              "minecraft:bone"
            ],
            "nbt": "{dnd:{id:\"ancient_dna_source\",type:\"fossil\",accuracy:5}}"
          }
        ]
      }
    }
  }
}
