{
  "parent": "dnd:revival/extractor",
  "display": {
    "icon": {
      "item": "minecraft:paper",
      "nbt": "{CustomModelData:400000}"
    },
    "title": {
      "translate": "advancements.dnd.revival.genetic_note.title"
    },
    "description": {
      "translate": "advancements.dnd.revival.genetic_note.description"
    },
    "frame": "task",
    "show_toast": true,
    "announce_to_chat": true,
    "hidden": false
  },
  "criteria": {
    "genetic_note": {
      "trigger": "minecraft:inventory_changed",
      "conditions": {
        "items": [
          {
            "items": [
              "minecraft:paper"
            ],
            "nbt": "{dnd:{id:\"genetic_note\"}}"
          }
        ]
      }
    }
  }
}
