{
  "parent": "dnd:revival/modifier",
  "display": {
    "icon": {
      "item": "minecraft:structure_block",
      "nbt": "{CustomModelData:400002}"
    },
    "title": {
      "translate": "advancements.dnd.revival.modified.title"
    },
    "description": {
      "translate": "advancements.dnd.revival.modified.description"
    },
    "frame": "task",
    "show_toast": true,
    "announce_to_chat": true,
    "hidden": false
  },
  "criteria": {
    "modified_item": {
      "trigger": "minecraft:inventory_changed",
      "conditions": {
        "items": [
          {
            "items": [
              "minecraft:structure_block"
            ],
            "nbt": "{dnd:{genome:{modified:1b}}}"
          }
        ]
      }
    }
  }
}
