{
  "parent": "dnd:revival/paleontologist",
  "display": {
    "icon": {
      "item": "minecraft:leather_helmet",
      "nbt": "{CustomModelData:400000}"
    },
    "title": {
      "translate": "advancements.dnd.revival.paleontologist_armor.title"
    },
    "description": {
      "translate": "advancements.dnd.revival.paleontologist_armor.description"
    },
    "frame": "task",
    "show_toast": true,
    "announce_to_chat": true,
    "hidden": false
  },
  "criteria": {
    "paleontologist_helmet": {
      "trigger": "minecraft:inventory_changed",
      "conditions": {
        "items": [
          {
            "items": [
              "minecraft:leather_helmet"
            ],
            "nbt": "{dnd:{id:\"paleontologist_helmet\"}}"
          }
        ]
      }
    },
    "paleontologist_chestplate": {
      "trigger": "minecraft:inventory_changed",
      "conditions": {
        "items": [
          {
            "items": [
              "minecraft:leather_chestplate"
            ],
            "nbt": "{dnd:{id:\"paleontologist_chestplate\"}}"
          }
        ]
      }
    },
    "paleontologist_leggings": {
      "trigger": "minecraft:inventory_changed",
      "conditions": {
        "items": [
          {
            "items": [
              "minecraft:leather_leggings"
            ],
            "nbt": "{dnd:{id:\"paleontologist_leggings\"}}"
          }
        ]
      }
    },
    "paleontologist_boots": {
      "trigger": "minecraft:inventory_changed",
      "conditions": {
        "items": [
          {
            "items": [
              "minecraft:leather_boots"
            ],
            "nbt": "{dnd:{id:\"paleontologist_boots\"}}"
          }
        ]
      }
    }
  }
}
