{
  "parent": "dnd:revival/root",
  "display": {
    "icon": {
      "item": "minecraft:barrel",
      "nbt": "{CustomModelData:400000}"
    },
    "title": {
      "translate": "advancements.dnd.revival.paleontology_table.title"
    },
    "description": {
      "translate": "advancements.dnd.revival.paleontology_table.description"
    },
    "frame": "task",
    "show_toast": true,
    "announce_to_chat": true,
    "hidden": false
  },
  "criteria": {
    "paleontology_table": {
      "trigger": "minecraft:placed_block",
      "conditions": {
        "item": {
          "nbt": "{BlockEntityTag:{Items:[{tag:{dnd:{block:\"paleontology_table\"}}}]}}"
        }
      }
    }
  }
}
