{
  "parent": "dnd:revival/paleontology_table",
  "display": {
    "icon": {
      "item": "minecraft:leather_chestplate",
      "nbt": "{CustomModelData:400000}"
    },
    "title": {
      "translate": "advancements.dnd.revival.paleontologist.title"
    },
    "description": {
      "translate": "advancements.dnd.revival.paleontologist.description"
    },
    "frame": "task",
    "show_toast": true,
    "announce_to_chat": true,
    "hidden": false
  },
  "criteria": {
    "traded": {
      "trigger": "minecraft:villager_trade",
      "conditions": {
        "villager": {
          "nbt": "{Tags:[\"dnd.paleontologist\"]}"
        }
      }
    }
  }
}
