{
  "parent": "dnd:revival/root",
  "display": {
    "icon": {
      "item": "minecraft:furnace",
      "nbt": "{CustomModelData:400011}"
    },
    "title": {
      "translate": "advancements.dnd.revival.petrified_log.title"
    },
    "description": {
      "translate": "advancements.dnd.revival.petrified_log.description"
    },
    "frame": "task",
    "show_toast": true,
    "announce_to_chat": true,
    "hidden": false
  },
  "criteria": {
    "petrified_log": {
      "trigger": "minecraft:inventory_changed",
      "conditions": {
        "items": [
          {
            "items": [
              "minecraft:furnace"
            ],
            "nbt": "{dnd:{id:\"petrified_log\"}}"
          }
        ]
      }
    }
  }
}
